title,date_time,location,link,Title,Link,Date & Time,Location,lat,lon,lat_prev,lon_prev,location_refined,geo_source,geocode_confidence
AI in Healthcare: Real-World Case of Implementation and the Barriers Behind,Just added,Online,https://www.eventbrite.ca/e/ai-in-healthcare-real-world-case-of-implementation-and-the-barriers-behind-tickets-1837280398129?aff=ebdssbdestsearch,AI in Healthcare: Real-World Case of Implementation and the Barriers Behind,https://www.eventbrite.ca/e/ai-in-healthcare-real-world-case-of-implementation-and-the-barriers-behind-tickets-1837280398129?aff=ebdssbdestsearch,Just added,Online,51.3389784000,12.3955204000,52.5200000000,13.4050000000,"Online, Berlin, Germany",geocode:nominatim,medium
Google Workspace for Everyday Success - 4 Week Live Class,"Thu, Oct 30, 6:00 PM CDT",Online,https://www.eventbrite.com/e/google-workspace-for-everyday-success-4-week-live-class-registration-1830950244469?aff=ebdssbdestsearch,Google Workspace for Everyday Success - 4 Week Live Class,https://www.eventbrite.com/e/google-workspace-for-everyday-success-4-week-live-class-registration-1830950244469?aff=ebdssbdestsearch,"Thu, Oct 30, 6:00 PM CDT",Online,51.3389784000,12.3955204000,52.5200000000,13.4050000000,"Online, Berlin, Germany",geocode:nominatim,medium
Model Context Protocol (MCP) Mastery Workshop,Going fast,Online,https://www.eventbrite.com/e/model-context-protocol-mcp-mastery-workshop-tickets-1767893560229?aff=ebdssbdestsearch,Model Context Protocol (MCP) Mastery Workshop,https://www.eventbrite.com/e/model-context-protocol-mcp-mastery-workshop-tickets-1767893560229?aff=ebdssbdestsearch,Going fast,Online,51.3389784000,12.3955204000,52.5200000000,13.4050000000,"Online, Berlin, Germany",geocode:nominatim,medium
Berlin Deep Tech Nexus Meetup #7 - TU Berlin - Science & Startups,Sales end soon,"Berlin · TU Berlin, EINS - Innovationsplattform und Coworkingspace",https://www.eventbrite.com/e/berlin-deep-tech-nexus-meetup-7-tu-berlin-science-startups-tickets-1670573122179?aff=ebdssbdestsearch,Berlin Deep Tech Nexus Meetup #7 - TU Berlin - Science & Startups,https://www.eventbrite.com/e/berlin-deep-tech-nexus-meetup-7-tu-berlin-science-startups-tickets-1670573122179?aff=ebdssbdestsearch,Sales end soon,"Berlin · TU Berlin, EINS - Innovationsplattform und Coworkingspace",52.5200000000,13.4050000000,52.5200000000,13.4050000000,"Berlin · TU Berlin, EINS - Innovationsplattform und Coworkingspace, Berlin, Germany",geocode:failed,low
Berlin Tech Mixer and Social (Tech / AI / Data) ✨ Berlin Connect,Sales end soon,Berlin · Anna Koschke,https://www.eventbrite.com.au/e/berlin-tech-mixer-and-social-tech-ai-data-berlin-connect-tickets-1375964439679?aff=ebdssbdestsearch,Berlin Tech Mixer and Social (Tech / AI / Data) ✨ Berlin Connect,https://www.eventbrite.com.au/e/berlin-tech-mixer-and-social-tech-ai-data-berlin-connect-tickets-1375964439679?aff=ebdssbdestsearch,Sales end soon,Berlin · Anna Koschke,52.5200000000,13.4050000000,52.5200000000,13.4050000000,"Berlin · Anna Koschke, Berlin, Germany",geocode:failed,low
Circular Tech Awards 2026,"Sat, Sep 5, 7:30 PM",Berlin · JW Marriott Hotel Berlin,https://www.eventbrite.de/e/circular-tech-awards-2026-tickets-1720505270579?aff=ebdssbdestsearch,Circular Tech Awards 2026,https://www.eventbrite.de/e/circular-tech-awards-2026-tickets-1720505270579?aff=ebdssbdestsearch,"Sat, Sep 5, 7:30 PM",Berlin · JW Marriott Hotel Berlin,52.5200000000,13.4050000000,52.5200000000,13.4050000000,"Berlin · JW Marriott Hotel Berlin, Berlin, Germany",geocode:failed,low
Berlin Deep Tech Nexus Meetup #8 - CODE University of Applied Sciences,"Thu, Nov 27, 5:00 PM",Berlin · CODE University of Applied Sciences,https://www.eventbrite.com/e/berlin-deep-tech-nexus-meetup-8-code-university-of-applied-sciences-tickets-1670612158939?aff=ebdssbdestsearch,Berlin Deep Tech Nexus Meetup #8 - CODE University of Applied Sciences,https://www.eventbrite.com/e/berlin-deep-tech-nexus-meetup-8-code-university-of-applied-sciences-tickets-1670612158939?aff=ebdssbdestsearch,"Thu, Nov 27, 5:00 PM",Berlin · CODE University of Applied Sciences,52.5200000000,13.4050000000,52.5200000000,13.4050000000,"Berlin · CODE University of Applied Sciences, Berlin, Germany",geocode:failed,low
"The Black Girls Tech Summit 2025: The Shift -Power, Progress & Possibility",Almost full,Berlin · Zalando BHW,https://www.eventbrite.co.uk/e/the-black-girls-tech-summit-2025-the-shift-power-progress-possibility-tickets-1409246958589?aff=ebdssbdestsearch,"The Black Girls Tech Summit 2025: The Shift -Power, Progress & Possibility",https://www.eventbrite.co.uk/e/the-black-girls-tech-summit-2025-the-shift-power-progress-possibility-tickets-1409246958589?aff=ebdssbdestsearch,Almost full,Berlin · Zalando BHW,52.5200000000,13.4050000000,52.5200000000,13.4050000000,"Berlin · Zalando BHW, Berlin, Germany",geocode:failed,low
BreakfastInMotion: Deep Tech Global Recap – Insights from Japan,Tomorrow at 10:00 AM,Berlin · MotionLab.Berlin,https://www.eventbrite.com/e/breakfastinmotion-deep-tech-global-recap-insights-from-japan-tickets-1812877468309?aff=ebdssbdestsearch,BreakfastInMotion: Deep Tech Global Recap – Insights from Japan,https://www.eventbrite.com/e/breakfastinmotion-deep-tech-global-recap-insights-from-japan-tickets-1812877468309?aff=ebdssbdestsearch,Tomorrow at 10:00 AM,Berlin · MotionLab.Berlin,52.4936366000,13.4481126000,52.4856000000,13.4573000000,"Berlin · MotionLab.Berlin, Berlin, Germany",geocode:nominatim,medium
This is Techno Jazz w/ TUN - Torino Unlimited Noise (Live) & Irakli,"Sun, Nov 30, 7:00 PM",Berlin · Kantine am Berghain,https://www.eventbrite.it/e/this-is-techno-jazz-w-tun-torino-unlimited-noise-live-irakli-tickets-1759376976899?aff=ebdssbdestsearch,This is Techno Jazz w/ TUN - Torino Unlimited Noise (Live) & Irakli,https://www.eventbrite.it/e/this-is-techno-jazz-w-tun-torino-unlimited-noise-live-irakli-tickets-1759376976899?aff=ebdssbdestsearch,"Sun, Nov 30, 7:00 PM",Berlin · Kantine am Berghain,52.5200000000,13.4050000000,52.5200000000,13.4050000000,"Berlin · Kantine am Berghain, Berlin, Germany",geocode:failed,low
SheCodes the future,"Thu, Oct 30, 6:30 PM",Berlin · Le Wagon Berlin - Coding Bootcamp,https://www.eventbrite.de/e/shecodes-the-future-tickets-1819294050479?aff=ebdssbdestsearch,SheCodes the future,https://www.eventbrite.de/e/shecodes-the-future-tickets-1819294050479?aff=ebdssbdestsearch,"Thu, Oct 30, 6:30 PM",Berlin · Le Wagon Berlin - Coding Bootcamp,52.5200000000,13.4050000000,52.5200000000,13.4050000000,"Berlin · Le Wagon Berlin - Coding Bootcamp, Berlin, Germany",geocode:failed,low
Berlin Big Business Tech And Entrepreneur Professional Networking Soiree,Going fast,Berlin · HERMAN Belgian Bar,https://www.eventbrite.com/e/berlin-big-business-tech-and-entrepreneur-professional-networking-soiree-tickets-944065624697?aff=ebdssbdestsearch,Berlin Big Business Tech And Entrepreneur Professional Networking Soiree,https://www.eventbrite.com/e/berlin-big-business-tech-and-entrepreneur-professional-networking-soiree-tickets-944065624697?aff=ebdssbdestsearch,Going fast,Berlin · HERMAN Belgian Bar,52.5200000000,13.4050000000,52.5200000000,13.4050000000,"Berlin · HERMAN Belgian Bar, Berlin, Germany",geocode:failed,low
Berlin Big Business Tech & Entrepreneur Professional Networking Soiree,Almost full,Berlin · HERMAN Belgian Bar,https://www.eventbrite.com/e/berlin-big-business-tech-entrepreneur-professional-networking-soiree-tickets-944033508637?aff=ebdssbdestsearch,Berlin Big Business Tech & Entrepreneur Professional Networking Soiree,https://www.eventbrite.com/e/berlin-big-business-tech-entrepreneur-professional-networking-soiree-tickets-944033508637?aff=ebdssbdestsearch,Almost full,Berlin · HERMAN Belgian Bar,52.5200000000,13.4050000000,52.5200000000,13.4050000000,"Berlin · HERMAN Belgian Bar, Berlin, Germany",geocode:failed,low
HackerX - Berlin (AI) Employer Ticket - 10/28,"Tue, Oct 28, 6:00 PM","Berlin · TBA Berlin, Germany - Interested in hosting this HackerX event at your office? Apply here: https://hackerx.org/host/",https://www.eventbrite.com/e/hackerx-berlin-ai-employer-ticket-1028-tickets-1665227583529?aff=ebdssbdestsearch,HackerX - Berlin (AI) Employer Ticket - 10/28,https://www.eventbrite.com/e/hackerx-berlin-ai-employer-ticket-1028-tickets-1665227583529?aff=ebdssbdestsearch,"Tue, Oct 28, 6:00 PM","Berlin · TBA Berlin, Germany - Interested in hosting this HackerX event at your office? Apply here: https://hackerx.org/host/",52.5200000000,13.4050000000,52.5200000000,13.4050000000,"Berlin · TBA Berlin, Germany - Interested in hosting this HackerX event at your office? Apply here: https://hackerx.org/host/, Berlin, Germany",geocode:failed,low
Unicorns in Tech Get-Together @ Deutsche Bank Berlin Technology Centre,"Thu, Nov 27, 6:00 PM",Berlin · Otto-Suhr-Allee 16,https://www.eventbrite.co.uk/e/unicorns-in-tech-get-together-deutsche-bank-berlin-technology-centre-tickets-1711130380029?aff=ebdssbdestsearch,Unicorns in Tech Get-Together @ Deutsche Bank Berlin Technology Centre,https://www.eventbrite.co.uk/e/unicorns-in-tech-get-together-deutsche-bank-berlin-technology-centre-tickets-1711130380029?aff=ebdssbdestsearch,"Thu, Nov 27, 6:00 PM",Berlin · Otto-Suhr-Allee 16,52.5200000000,13.4050000000,52.5200000000,13.4050000000,"Berlin · Otto-Suhr-Allee 16, Berlin, Germany",geocode:failed,low
Tech Talk: The DEIB Stack - Coding Inclusion Into Your Culture,"Wed, Nov 5, 6:00 PM","Berlin · eyeo GmbH, Berlin Office",https://www.eventbrite.com/e/tech-talk-the-deib-stack-coding-inclusion-into-your-culture-tickets-1784710349699?aff=ebdssbdestsearch,Tech Talk: The DEIB Stack - Coding Inclusion Into Your Culture,https://www.eventbrite.com/e/tech-talk-the-deib-stack-coding-inclusion-into-your-culture-tickets-1784710349699?aff=ebdssbdestsearch,"Wed, Nov 5, 6:00 PM","Berlin · eyeo GmbH, Berlin Office",52.5200000000,13.4050000000,52.5200000000,13.4050000000,"Berlin · eyeo GmbH, Berlin Office, Berlin, Germany",geocode:failed,low
EU Digital Identity Wallets Forum,Sales end soon,Berlin · Spielfeld Digital Hub,https://www.eventbrite.co.uk/e/eu-digital-identity-wallets-forum-tickets-1147892189439?aff=ebdssbdestsearch,EU Digital Identity Wallets Forum,https://www.eventbrite.co.uk/e/eu-digital-identity-wallets-forum-tickets-1147892189439?aff=ebdssbdestsearch,Sales end soon,Berlin · Spielfeld Digital Hub,52.5200000000,13.4050000000,52.5200000000,13.4050000000,"Berlin · Spielfeld Digital Hub, Berlin, Germany",geocode:failed,low
Legal Disruption Conference 2025 – Legal Tech & Metaverse,"Thu, Nov 20, 1:30 PM",Berlin · BSP Business & Law School,https://www.eventbrite.de/e/legal-disruption-conference-2025-legal-tech-metaverse-tickets-1440786544339?aff=ebdssbdestsearch,Legal Disruption Conference 2025 – Legal Tech & Metaverse,https://www.eventbrite.de/e/legal-disruption-conference-2025-legal-tech-metaverse-tickets-1440786544339?aff=ebdssbdestsearch,"Thu, Nov 20, 1:30 PM",Berlin · BSP Business & Law School,52.5200000000,13.4050000000,52.5200000000,13.4050000000,"Berlin · BSP Business & Law School, Berlin, Germany",geocode:failed,low
Berlin Deep Tech Nexus Meetup #9 – MotionLab.Berlin - XMAS Maker Edition,"Thu, Dec 11, 5:00 PM",Berlin · MotionLab.Berlin,https://www.eventbrite.com/e/berlin-deep-tech-nexus-meetup-9-motionlabberlin-xmas-maker-edition-tickets-1670612740679?aff=ebdssbdestsearch,Berlin Deep Tech Nexus Meetup #9 – MotionLab.Berlin - XMAS Maker Edition,https://www.eventbrite.com/e/berlin-deep-tech-nexus-meetup-9-motionlabberlin-xmas-maker-edition-tickets-1670612740679?aff=ebdssbdestsearch,"Thu, Dec 11, 5:00 PM",Berlin · MotionLab.Berlin,52.4936366000,13.4481126000,52.4856000000,13.4573000000,"Berlin · MotionLab.Berlin, Berlin, Germany",geocode:nominatim,medium
Founders & Friends Berlin Meetup - Technology & Innovation,"Wed, Oct 29, 6:30 PM",Berlin · Schwedter Str. 263,https://www.eventbrite.de/e/founders-friends-berlin-meetup-technology-innovation-tickets-1204830694039?aff=ebdssbdestsearch,Founders & Friends Berlin Meetup - Technology & Innovation,https://www.eventbrite.de/e/founders-friends-berlin-meetup-technology-innovation-tickets-1204830694039?aff=ebdssbdestsearch,"Wed, Oct 29, 6:30 PM",Berlin · Schwedter Str. 263,53.0166471000,14.0185686000,52.5200000000,13.4050000000,"Berlin · Schwedter Str. 263, Berlin, Germany",geocode:nominatim,medium
"IT Social Berlin Friday | Data, Technology, Cybersecurity, IT",Sales end soon,Berlin · Belushi's Berlin (Alexanderplatz),https://www.eventbrite.com.au/e/it-social-berlin-friday-data-technology-cybersecurity-it-tickets-1116437487579?aff=ebdssbdestsearch,"IT Social Berlin Friday | Data, Technology, Cybersecurity, IT",https://www.eventbrite.com.au/e/it-social-berlin-friday-data-technology-cybersecurity-it-tickets-1116437487579?aff=ebdssbdestsearch,Sales end soon,Berlin · Belushi's Berlin (Alexanderplatz),52.5200000000,13.4050000000,52.5200000000,13.4050000000,"Berlin · Belushi's Berlin (Alexanderplatz), Berlin, Germany",geocode:failed,low
Young IT Professionals in Berlin Social Friday,Sales end soon,Berlin · Anna Koschke,https://www.eventbrite.com.au/e/young-it-professionals-in-berlin-social-friday-tickets-1116438941929?aff=ebdssbdestsearch,Young IT Professionals in Berlin Social Friday,https://www.eventbrite.com.au/e/young-it-professionals-in-berlin-social-friday-tickets-1116438941929?aff=ebdssbdestsearch,Sales end soon,Berlin · Anna Koschke,52.5200000000,13.4050000000,52.5200000000,13.4050000000,"Berlin · Anna Koschke, Berlin, Germany",geocode:failed,low
Code BEAM Europe 2025 - in person,"Wed, Nov 5, 9:00 AM",Berlin · Estrel Berlin,https://www.eventbrite.co.uk/e/code-beam-europe-2025-in-person-tickets-1407873470449?aff=ebdssbdestsearch,Code BEAM Europe 2025 - in person,https://www.eventbrite.co.uk/e/code-beam-europe-2025-in-person-tickets-1407873470449?aff=ebdssbdestsearch,"Wed, Nov 5, 9:00 AM",Berlin · Estrel Berlin,52.4736275000,13.4588496000,52.5200000000,13.4050000000,"Berlin · Estrel Berlin, Berlin, Germany",geocode:nominatim,medium
[Webinar] Speed Up Your AI: Practical Performance Engineering Tips,"Thu, Oct 30, 12:00 PM PDT",Online,https://www.eventbrite.com/e/webinar-speed-up-your-ai-practical-performance-engineering-tips-tickets-1778470315589?aff=ebdssbdestsearch,[Webinar] Speed Up Your AI: Practical Performance Engineering Tips,https://www.eventbrite.com/e/webinar-speed-up-your-ai-practical-performance-engineering-tips-tickets-1778470315589?aff=ebdssbdestsearch,"Thu, Oct 30, 12:00 PM PDT",Online,51.3389784000,12.3955204000,52.5200000000,13.4050000000,"Online, Berlin, Germany",geocode:nominatim,medium
AI LISTING ACCELERATOR ! Transform Your RE Business with AI & Automation!,Sales end soon,Online,https://www.eventbrite.com/e/ai-listing-accelerator-transform-your-re-business-with-ai-automation-tickets-1842410612739?aff=ebdssbdestsearch,AI LISTING ACCELERATOR ! Transform Your RE Business with AI & Automation!,https://www.eventbrite.com/e/ai-listing-accelerator-transform-your-re-business-with-ai-automation-tickets-1842410612739?aff=ebdssbdestsearch,Sales end soon,Online,51.3389784000,12.3955204000,52.5200000000,13.4050000000,"Online, Berlin, Germany",geocode:nominatim,medium
Inside a Real AI in Healthcare Case: What Worked and What Didn’t,Just added,Online,https://www.eventbrite.ca/e/inside-a-real-ai-in-healthcare-case-what-worked-and-what-didnt-tickets-1837713393229?aff=ebdssbdestsearch,Inside a Real AI in Healthcare Case: What Worked and What Didn’t,https://www.eventbrite.ca/e/inside-a-real-ai-in-healthcare-case-what-worked-and-what-didnt-tickets-1837713393229?aff=ebdssbdestsearch,Just added,Online,51.3389784000,12.3955204000,52.5200000000,13.4050000000,"Online, Berlin, Germany",geocode:nominatim,medium
(AI) Defense & Dual-Use Startup Meetup – Berlin,"Thu, Nov 6, 6:00 PM",Berlin · betahaus Moritzplatz,https://www.eventbrite.com/e/ai-defense-dual-use-startup-meetup-berlin-tickets-1813771823349?aff=ebdssbdestsearch,(AI) Defense & Dual-Use Startup Meetup – Berlin,https://www.eventbrite.com/e/ai-defense-dual-use-startup-meetup-berlin-tickets-1813771823349?aff=ebdssbdestsearch,"Thu, Nov 6, 6:00 PM",Berlin · betahaus Moritzplatz,52.4992000000,13.4038000000,52.4992000000,13.4038000000,"Berlin · betahaus Moritzplatz, Berlin, Germany",geocode:failed,low
Berlin Marketing & Digital Design Social Mixer - Digital Creatives Connect,Sales end soon,Berlin · Belushi's Berlin (Alexanderplatz),https://www.eventbrite.com.au/e/berlin-marketing-digital-design-social-mixer-digital-creatives-connect-tickets-1533032033079?aff=ebdssbdestsearch,Berlin Marketing & Digital Design Social Mixer - Digital Creatives Connect,https://www.eventbrite.com.au/e/berlin-marketing-digital-design-social-mixer-digital-creatives-connect-tickets-1533032033079?aff=ebdssbdestsearch,Sales end soon,Berlin · Belushi's Berlin (Alexanderplatz),52.5200000000,13.4050000000,52.5200000000,13.4050000000,"Berlin · Belushi's Berlin (Alexanderplatz), Berlin, Germany",geocode:failed,low
Generative AI for Society and Workplace | Berlin,"Thu, Nov 6, 4:00 PM + 16 more",Berlin · Berlin,https://www.eventbrite.com.au/e/generative-ai-for-society-and-workplace-berlin-tickets-1204431831029?aff=ebdssbdestsearch,Generative AI for Society and Workplace | Berlin,https://www.eventbrite.com.au/e/generative-ai-for-society-and-workplace-berlin-tickets-1204431831029?aff=ebdssbdestsearch,"Thu, Nov 6, 4:00 PM + 16 more",Berlin · Berlin,52.4880037000,13.4089223000,52.5200000000,13.4050000000,"Berlin · Berlin, Berlin, Germany",geocode:nominatim,medium
Open Doors & Introduction at 42 Berlin,Going fast,Berlin · 42 Berlin,https://www.eventbrite.de/e/open-doors-introduction-at-42-berlin-tickets-1737345791029?aff=ebdssbdestsearch,Open Doors & Introduction at 42 Berlin,https://www.eventbrite.de/e/open-doors-introduction-at-42-berlin-tickets-1737345791029?aff=ebdssbdestsearch,Going fast,Berlin · 42 Berlin,52.5200000000,13.4050000000,52.5200000000,13.4050000000,"Berlin · 42 Berlin, Berlin, Germany",geocode:failed,low
MQ Summit 2025,"Thu, Nov 6, 9:00 AM",Berlin · Estrel Berlin,https://www.eventbrite.co.uk/e/mq-summit-2025-tickets-1422058498249?aff=ebdssbdestsearch,MQ Summit 2025,https://www.eventbrite.co.uk/e/mq-summit-2025-tickets-1422058498249?aff=ebdssbdestsearch,"Thu, Nov 6, 9:00 AM",Berlin · Estrel Berlin,52.4736275000,13.4588496000,52.5200000000,13.4050000000,"Berlin · Estrel Berlin, Berlin, Germany",geocode:nominatim,medium
Deep Management 3.0,"Mon, Nov 10, 9:00 AM","Berlin · Berlin, 10119, Torstraße 125",https://www.eventbrite.com/e/deep-management-30-tickets-1480755081309?aff=ebdssbdestsearch,Deep Management 3.0,https://www.eventbrite.com/e/deep-management-30-tickets-1480755081309?aff=ebdssbdestsearch,"Mon, Nov 10, 9:00 AM","Berlin · Berlin, 10119, Torstraße 125",52.5200000000,13.4050000000,52.5200000000,13.4050000000,"Berlin · Berlin, 10119, Torstraße 125, Berlin, Germany",geocode:failed,low
PROJECT HALLOWEEN,Going fast,Berlin · MODUS BERLIN,https://www.eventbrite.de/e/project-halloween-tickets-1778544206599?aff=ebdssbdestsearch,PROJECT HALLOWEEN,https://www.eventbrite.de/e/project-halloween-tickets-1778544206599?aff=ebdssbdestsearch,Going fast,Berlin · MODUS BERLIN,52.5200000000,13.4050000000,52.5200000000,13.4050000000,"Berlin · MODUS BERLIN, Berlin, Germany",geocode:failed,low
AI Implementation in Business | Berlin,Thursday at 2:00 PM + 12 more,Berlin · Berlin,https://www.eventbrite.com.au/e/ai-implementation-in-business-berlin-tickets-1023063970877?aff=ebdssbdestsearch,AI Implementation in Business | Berlin,https://www.eventbrite.com.au/e/ai-implementation-in-business-berlin-tickets-1023063970877?aff=ebdssbdestsearch,Thursday at 2:00 PM + 12 more,Berlin · Berlin,52.4880037000,13.4089223000,52.5200000000,13.4050000000,"Berlin · Berlin, Berlin, Germany",geocode:nominatim,medium
Open Mic Pitch by Reaktor.Berlin - Sunrise Edition,Sales end soon,Berlin · hubraum - tech incubator of Deutsche Telekom,https://www.eventbrite.de/e/open-mic-pitch-by-reaktorberlin-sunrise-edition-tickets-1695335607439?aff=ebdssbdestsearch,Open Mic Pitch by Reaktor.Berlin - Sunrise Edition,https://www.eventbrite.de/e/open-mic-pitch-by-reaktorberlin-sunrise-edition-tickets-1695335607439?aff=ebdssbdestsearch,Sales end soon,Berlin · hubraum - tech incubator of Deutsche Telekom,52.5200000000,13.4050000000,52.5200000000,13.4050000000,"Berlin · hubraum - tech incubator of Deutsche Telekom, Berlin, Germany",geocode:failed,low
YOUNGLA EU Link Up: Berlin |Powered by ESN,Almost full,"Berlin · Motorwerk Berlin – Eventlocation mit Industriecharme. 3.500 m², High-Tech-Anbindung, CO₂-neutral, Platz für 1.500 Gäste",https://www.eventbrite.co.uk/e/youngla-eu-link-up-berlin-powered-by-esn-tickets-1753129751279?aff=ebdssbdestsearch,YOUNGLA EU Link Up: Berlin |Powered by ESN,https://www.eventbrite.co.uk/e/youngla-eu-link-up-berlin-powered-by-esn-tickets-1753129751279?aff=ebdssbdestsearch,Almost full,"Berlin · Motorwerk Berlin – Eventlocation mit Industriecharme. 3.500 m², High-Tech-Anbindung, CO₂-neutral, Platz für 1.500 Gäste",52.5200000000,13.4050000000,52.5200000000,13.4050000000,"Berlin · Motorwerk Berlin – Eventlocation mit Industriecharme. 3.500 m², High-Tech-Anbindung, CO₂-neutral, Platz für 1.500 Gäste, Berlin, Germany",geocode:failed,low
Geopolitics in 40 Minutes: A Practical Guide to What’s Changing,"Tue, Nov 4, 6:30 PM",Berlin · The Castle Berlin Mitte,https://www.eventbrite.de/e/geopolitics-in-40-minutes-a-practical-guide-to-whats-changing-tickets-1674678411209?aff=ebdssbdestsearch,Geopolitics in 40 Minutes: A Practical Guide to What’s Changing,https://www.eventbrite.de/e/geopolitics-in-40-minutes-a-practical-guide-to-whats-changing-tickets-1674678411209?aff=ebdssbdestsearch,"Tue, Nov 4, 6:30 PM",Berlin · The Castle Berlin Mitte,52.5200000000,13.4090000000,52.5200000000,13.4090000000,"Berlin · The Castle Berlin Mitte, Berlin, Germany",geocode:failed,low
Data Science & Analytics meetup and chat Berlin Friday,Sales end soon,Berlin · Belushi's Berlin (Alexanderplatz),https://www.eventbrite.com.au/e/data-science-analytics-meetup-and-chat-berlin-friday-tickets-1116438069319?aff=ebdssbdestsearch,Data Science & Analytics meetup and chat Berlin Friday,https://www.eventbrite.com.au/e/data-science-analytics-meetup-and-chat-berlin-friday-tickets-1116438069319?aff=ebdssbdestsearch,Sales end soon,Berlin · Belushi's Berlin (Alexanderplatz),52.5200000000,13.4050000000,52.5200000000,13.4050000000,"Berlin · Belushi's Berlin (Alexanderplatz), Berlin, Germany",geocode:failed,low
Unicorns in Tech FLINTA* Afterwork | for the FLINTA* Tech Community,"Thu, Nov 20, 6:00 PM",Berlin · Crack Bellmer,https://www.eventbrite.co.uk/e/unicorns-in-tech-flinta-afterwork-for-the-flinta-tech-community-tickets-698281748507?aff=ebdssbdestsearch,Unicorns in Tech FLINTA* Afterwork | for the FLINTA* Tech Community,https://www.eventbrite.co.uk/e/unicorns-in-tech-flinta-afterwork-for-the-flinta-tech-community-tickets-698281748507?aff=ebdssbdestsearch,"Thu, Nov 20, 6:00 PM",Berlin · Crack Bellmer,52.5200000000,13.4050000000,52.5200000000,13.4050000000,"Berlin · Crack Bellmer, Berlin, Germany",geocode:failed,low
Unicorns In Tech Afterwork | for the LGBTIQ+ Tech Community,"Thu, Dec 4, 6:00 PM",Berlin · Crack Bellmer,https://www.eventbrite.co.uk/e/unicorns-in-tech-afterwork-for-the-lgbtiq-tech-community-tickets-835620542537?aff=ebdssbdestsearch,Unicorns In Tech Afterwork | for the LGBTIQ+ Tech Community,https://www.eventbrite.co.uk/e/unicorns-in-tech-afterwork-for-the-lgbtiq-tech-community-tickets-835620542537?aff=ebdssbdestsearch,"Thu, Dec 4, 6:00 PM",Berlin · Crack Bellmer,52.5200000000,13.4050000000,52.5200000000,13.4050000000,"Berlin · Crack Bellmer, Berlin, Germany",geocode:failed,low
SX FESTIVAL & EXPO 2026 BERLIN (B2B ONLY),"Sat, Jun 27, 11:00 AM",Berlin · Magazin in der Heeresbäckerei,https://www.eventbrite.ie/e/sx-festival-expo-2026-berlin-b2b-only-tickets-1461155267739?aff=ebdssbdestsearch,SX FESTIVAL & EXPO 2026 BERLIN (B2B ONLY),https://www.eventbrite.ie/e/sx-festival-expo-2026-berlin-b2b-only-tickets-1461155267739?aff=ebdssbdestsearch,"Sat, Jun 27, 11:00 AM",Berlin · Magazin in der Heeresbäckerei,52.5200000000,13.4050000000,52.5200000000,13.4050000000,"Berlin · Magazin in der Heeresbäckerei, Berlin, Germany",geocode:failed,low
ISTQB Test Analyst Training Course (in English) - Berlin,"Mon, Nov 3, 9:00 AM + 26 more",Berlin · U Potsdamer Platz,https://www.eventbrite.com/e/istqb-test-analyst-training-course-in-english-berlin-tickets-1332903092029?aff=ebdssbdestsearch,ISTQB Test Analyst Training Course (in English) - Berlin,https://www.eventbrite.com/e/istqb-test-analyst-training-course-in-english-berlin-tickets-1332903092029?aff=ebdssbdestsearch,"Mon, Nov 3, 9:00 AM + 26 more",Berlin · U Potsdamer Platz,52.5200000000,13.4050000000,52.5200000000,13.4050000000,"Berlin · U Potsdamer Platz, Berlin, Germany",geocode:failed,low
BITS & DRINKS //  Networking für  digitale Köpfe der Hauptstadtregion,"Wed, Oct 29, 6:00 PM + 12 more",Berlin · Spreegold Bikini Berlin,https://www.eventbrite.de/e/bits-drinks-networking-fur-digitale-kopfe-der-hauptstadtregion-registrierung-1058879339609?aff=ebdssbdestsearch,BITS & DRINKS //  Networking für  digitale Köpfe der Hauptstadtregion,https://www.eventbrite.de/e/bits-drinks-networking-fur-digitale-kopfe-der-hauptstadtregion-registrierung-1058879339609?aff=ebdssbdestsearch,"Wed, Oct 29, 6:00 PM + 12 more",Berlin · Spreegold Bikini Berlin,52.5200000000,13.4050000000,52.5200000000,13.4050000000,"Berlin · Spreegold Bikini Berlin, Berlin, Germany",geocode:failed,low
Maker Basics: 3D Printing & Laser Cutting,"Tue, Nov 11, 1:30 PM + 1 more",Berlin · FabLab Neukölln,https://www.eventbrite.de/e/maker-basics-3d-printing-laser-cutting-tickets-1075672648849?aff=ebdssbdestsearch,Maker Basics: 3D Printing & Laser Cutting,https://www.eventbrite.de/e/maker-basics-3d-printing-laser-cutting-tickets-1075672648849?aff=ebdssbdestsearch,"Tue, Nov 11, 1:30 PM + 1 more",Berlin · FabLab Neukölln,52.4480000000,13.4490000000,52.4480000000,13.4490000000,"Berlin · FabLab Neukölln, Berlin, Germany",geocode:failed,low
Book Launch | Decarbonista: A Refreshing Guide to Climate Savvy Living,Just added,Berlin · Minoa | Café & Bookstore,https://www.eventbrite.de/e/book-launch-decarbonista-a-refreshing-guide-to-climate-savvy-living-tickets-1802288235629?aff=ebdssbdestsearch,Book Launch | Decarbonista: A Refreshing Guide to Climate Savvy Living,https://www.eventbrite.de/e/book-launch-decarbonista-a-refreshing-guide-to-climate-savvy-living-tickets-1802288235629?aff=ebdssbdestsearch,Just added,Berlin · Minoa | Café & Bookstore,52.5200000000,13.4050000000,52.5200000000,13.4050000000,"Berlin · Minoa | Café & Bookstore, Berlin, Germany",geocode:failed,low
KI in der Praxis: Architekturentscheidungen & Softwarequalität im Wandel,"Tue, Nov 4, 5:30 PM",Berlin · Merantix AI Campus Berlin,https://www.eventbrite.de/e/ki-in-der-praxis-architekturentscheidungen-softwarequalitat-im-wandel-tickets-1811680789009?aff=ebdssbdestsearch,KI in der Praxis: Architekturentscheidungen & Softwarequalität im Wandel,https://www.eventbrite.de/e/ki-in-der-praxis-architekturentscheidungen-softwarequalitat-im-wandel-tickets-1811680789009?aff=ebdssbdestsearch,"Tue, Nov 4, 5:30 PM",Berlin · Merantix AI Campus Berlin,52.5200000000,13.4050000000,52.5200000000,13.4050000000,"Berlin · Merantix AI Campus Berlin, Berlin, Germany",geocode:failed,low
Monthly Meet Up,"Tue, Nov 4, 9:00 AM",Berlin · St. Oberholz | Oranienstrasse,https://www.eventbrite.de/e/monthly-meet-up-tickets-1818120610689?aff=ebdssbdestsearch,Monthly Meet Up,https://www.eventbrite.de/e/monthly-meet-up-tickets-1818120610689?aff=ebdssbdestsearch,"Tue, Nov 4, 9:00 AM",Berlin · St. Oberholz | Oranienstrasse,52.5200000000,13.4050000000,52.5200000000,13.4050000000,"Berlin · St. Oberholz | Oranienstrasse, Berlin, Germany",geocode:failed,low
"KI einfach erklärt, spannend & ohne Vorwissen","Mon, Oct 27, 5:00 PM",Potsdam · Hasso-Plattner-Institut,https://www.eventbrite.de/e/ki-einfach-erklart-spannend-ohne-vorwissen-tickets-1658661734899?aff=ebdssbdestsearch,"KI einfach erklärt, spannend & ohne Vorwissen",https://www.eventbrite.de/e/ki-einfach-erklart-spannend-ohne-vorwissen-tickets-1658661734899?aff=ebdssbdestsearch,"Mon, Oct 27, 5:00 PM",Potsdam · Hasso-Plattner-Institut,52.5200000000,13.4050000000,52.5200000000,13.4050000000,"Potsdam · Hasso-Plattner-Institut, Berlin, Germany",geocode:failed,low
Security Trends & Weihnachtsplätzchen: Networking für IT-Security Insider,"Wed, Nov 12, 5:30 PM",Berlin · CCVOSSEL GmbH,https://www.eventbrite.de/e/security-trends-weihnachtsplatzchen-networking-fur-it-security-insider-tickets-1796951352869?aff=ebdssbdestsearch,Security Trends & Weihnachtsplätzchen: Networking für IT-Security Insider,https://www.eventbrite.de/e/security-trends-weihnachtsplatzchen-networking-fur-it-security-insider-tickets-1796951352869?aff=ebdssbdestsearch,"Wed, Nov 12, 5:30 PM",Berlin · CCVOSSEL GmbH,52.5200000000,13.4050000000,52.5200000000,13.4050000000,"Berlin · CCVOSSEL GmbH, Berlin, Germany",geocode:failed,low
NEM Summit 2025,Today at 9:00 AM,Berlin · Fraunhofer Institut für Offene Kommunikationssysteme FOKUS,https://www.eventbrite.de/e/nem-summit-2025-tickets-1512925925169?aff=ebdssbdestsearch,NEM Summit 2025,https://www.eventbrite.de/e/nem-summit-2025-tickets-1512925925169?aff=ebdssbdestsearch,Today at 9:00 AM,Berlin · Fraunhofer Institut für Offene Kommunikationssysteme FOKUS,52.5200000000,13.4050000000,52.5200000000,13.4050000000,"Berlin · Fraunhofer Institut für Offene Kommunikationssysteme FOKUS, Berlin, Germany",geocode:failed,low
Power Supply for Data Centers 2026 - AI x Energy Nexus,"Mon, Feb 16, 8:30 AM",Berlin · Karl-Liebknecht-Str. 32,https://www.eventbrite.co.uk/e/power-supply-for-data-centers-2026-ai-x-energy-nexus-tickets-1801123582119?aff=ebdssbdestsearch,Power Supply for Data Centers 2026 - AI x Energy Nexus,https://www.eventbrite.co.uk/e/power-supply-for-data-centers-2026-ai-x-energy-nexus-tickets-1801123582119?aff=ebdssbdestsearch,"Mon, Feb 16, 8:30 AM",Berlin · Karl-Liebknecht-Str. 32,52.5253146000,13.4143711000,52.5200000000,13.4050000000,"Berlin · Karl-Liebknecht-Str. 32, Berlin, Germany",geocode:nominatim,medium
Next Step by Glowstep: Real talk about what’s next,Sales end soon,Berlin · Futur2 Studio,https://www.eventbrite.com/e/next-step-by-glowstep-real-talk-about-whats-next-tickets-1784273814009?aff=ebdssbdestsearch,Next Step by Glowstep: Real talk about what’s next,https://www.eventbrite.com/e/next-step-by-glowstep-real-talk-about-whats-next-tickets-1784273814009?aff=ebdssbdestsearch,Sales end soon,Berlin · Futur2 Studio,52.5200000000,13.4050000000,52.5200000000,13.4050000000,"Berlin · Futur2 Studio, Berlin, Germany",geocode:failed,low
InnerSource Summit 2025 - Berlin,"Thu, Nov 13, 9:00 AM",Berlin · SAP SE (BER01),https://www.eventbrite.com/e/innersource-summit-2025-berlin-tickets-1414870809679?aff=ebdssbdestsearch,InnerSource Summit 2025 - Berlin,https://www.eventbrite.com/e/innersource-summit-2025-berlin-tickets-1414870809679?aff=ebdssbdestsearch,"Thu, Nov 13, 9:00 AM",Berlin · SAP SE (BER01),52.5200000000,13.4050000000,52.5200000000,13.4050000000,"Berlin · SAP SE (BER01), Berlin, Germany",geocode:failed,low
OutGeek Women - Berlin Team Ticket (Intl. Women's Day Event),"Tue, Mar 3, 6:00 PM",Berlin · SumUp,https://www.eventbrite.com/e/outgeek-women-berlin-team-ticket-intl-womens-day-event-tickets-1778584075849?aff=ebdssbdestsearch,OutGeek Women - Berlin Team Ticket (Intl. Women's Day Event),https://www.eventbrite.com/e/outgeek-women-berlin-team-ticket-intl-womens-day-event-tickets-1778584075849?aff=ebdssbdestsearch,"Tue, Mar 3, 6:00 PM",Berlin · SumUp,52.5200000000,13.4050000000,52.5200000000,13.4050000000,"Berlin · SumUp, Berlin, Germany",geocode:failed,low
SPACE EGG OPENING ART EVENT,"Thu, Nov 6, 6:00 PM",Berlin · Nicoleta Gallery Berlin,https://www.eventbrite.de/e/space-egg-opening-art-event-tickets-1394212008649?aff=ebdssbdestsearch,SPACE EGG OPENING ART EVENT,https://www.eventbrite.de/e/space-egg-opening-art-event-tickets-1394212008649?aff=ebdssbdestsearch,"Thu, Nov 6, 6:00 PM",Berlin · Nicoleta Gallery Berlin,52.5200000000,13.4050000000,52.5200000000,13.4050000000,"Berlin · Nicoleta Gallery Berlin, Berlin, Germany",geocode:failed,low
Reimagining North-South Partnerships - Building Impact Together,"Mon, Oct 27, 5:30 PM",Berlin · Berlin Global Village gGmbH,https://www.eventbrite.de/e/reimagining-north-south-partnerships-building-impact-together-tickets-1798016950099?aff=ebdssbdestsearch,Reimagining North-South Partnerships - Building Impact Together,https://www.eventbrite.de/e/reimagining-north-south-partnerships-building-impact-together-tickets-1798016950099?aff=ebdssbdestsearch,"Mon, Oct 27, 5:30 PM",Berlin · Berlin Global Village gGmbH,52.5200000000,13.4050000000,52.5200000000,13.4050000000,"Berlin · Berlin Global Village gGmbH, Berlin, Germany",geocode:failed,low
Social Media Creators & Influencers Meetup Berlin #29,"Tue, Nov 4, 6:30 PM",Berlin · Bar 260°,https://www.eventbrite.at/e/social-media-creators-influencers-meetup-berlin-29-tickets-1739371399679?aff=ebdssbdestsearch,Social Media Creators & Influencers Meetup Berlin #29,https://www.eventbrite.at/e/social-media-creators-influencers-meetup-berlin-29-tickets-1739371399679?aff=ebdssbdestsearch,"Tue, Nov 4, 6:30 PM",Berlin · Bar 260°,52.5075103000,13.4713018000,52.5200000000,13.4050000000,"Berlin · Bar 260°, Berlin, Germany",geocode:nominatim,medium
AI for Impact,"Wed, Nov 5, 1:00 PM",Berlin · Impact Hub Berlin,https://www.eventbrite.ca/e/ai-for-impact-tickets-1687785926139?aff=ebdssbdestsearch,AI for Impact,https://www.eventbrite.ca/e/ai-for-impact-tickets-1687785926139?aff=ebdssbdestsearch,"Wed, Nov 5, 1:00 PM",Berlin · Impact Hub Berlin,52.5200000000,13.4050000000,52.5200000000,13.4050000000,"Berlin · Impact Hub Berlin, Berlin, Germany",geocode:failed,low
AI Builders Berlin :: Pizza + Demos + Networking,"Wed, Oct 29, 5:30 PM",Berlin · CIC Berlin,https://www.eventbrite.com/e/ai-builders-berlin-pizza-demos-networking-tickets-1237001828769?aff=ebdssbdestsearch,AI Builders Berlin :: Pizza + Demos + Networking,https://www.eventbrite.com/e/ai-builders-berlin-pizza-demos-networking-tickets-1237001828769?aff=ebdssbdestsearch,"Wed, Oct 29, 5:30 PM",Berlin · CIC Berlin,52.5200000000,13.4050000000,52.5200000000,13.4050000000,"Berlin · CIC Berlin, Berlin, Germany",geocode:failed,low
Blackmagic 12K RGBW Kamera-Workshop,Going fast,Berlin · Teltec Berlin,https://www.eventbrite.de/e/blackmagic-12k-rgbw-kamera-workshop-tickets-1766000859109?aff=ebdssbdestsearch,Blackmagic 12K RGBW Kamera-Workshop,https://www.eventbrite.de/e/blackmagic-12k-rgbw-kamera-workshop-tickets-1766000859109?aff=ebdssbdestsearch,Going fast,Berlin · Teltec Berlin,52.5200000000,13.4050000000,52.5200000000,13.4050000000,"Berlin · Teltec Berlin, Berlin, Germany",geocode:failed,low
How the Global South is Reclaiming space in the digital Landscape,Sales end soon,Berlin · Berlin Global Village gGmbH,https://www.eventbrite.de/e/how-the-global-south-is-reclaiming-space-in-the-digital-landscape-tickets-1758573252939?aff=ebdssbdestsearch,How the Global South is Reclaiming space in the digital Landscape,https://www.eventbrite.de/e/how-the-global-south-is-reclaiming-space-in-the-digital-landscape-tickets-1758573252939?aff=ebdssbdestsearch,Sales end soon,Berlin · Berlin Global Village gGmbH,52.5200000000,13.4050000000,52.5200000000,13.4050000000,"Berlin · Berlin Global Village gGmbH, Berlin, Germany",geocode:failed,low
CLA-Abend II: Die Zukunft unseres Wohlstandes,"Tue, Nov 18, 6:00 PM",Berlin · Schaltzeit GmbH,https://www.eventbrite.de/e/cla-abend-ii-die-zukunft-unseres-wohlstandes-tickets-1730528490299?aff=ebdssbdestsearch,CLA-Abend II: Die Zukunft unseres Wohlstandes,https://www.eventbrite.de/e/cla-abend-ii-die-zukunft-unseres-wohlstandes-tickets-1730528490299?aff=ebdssbdestsearch,"Tue, Nov 18, 6:00 PM",Berlin · Schaltzeit GmbH,52.5200000000,13.4050000000,52.5200000000,13.4050000000,"Berlin · Schaltzeit GmbH, Berlin, Germany",geocode:failed,low
Free Onsite Coding Course for Women+: The Basics of WebDev in 5 days,"Mon, Dec 1, 10:10 AM",Berlin · 42 Berlin,https://www.eventbrite.de/e/free-onsite-coding-course-for-women-the-basics-of-webdev-in-5-days-tickets-1737811403689?aff=ebdssbdestsearch,Free Onsite Coding Course for Women+: The Basics of WebDev in 5 days,https://www.eventbrite.de/e/free-onsite-coding-course-for-women-the-basics-of-webdev-in-5-days-tickets-1737811403689?aff=ebdssbdestsearch,"Mon, Dec 1, 10:10 AM",Berlin · 42 Berlin,52.5200000000,13.4050000000,52.5200000000,13.4050000000,"Berlin · 42 Berlin, Berlin, Germany",geocode:failed,low
Enterprise LLM Security in the Age of AI Transformation,Sales end soon,Berlin · Spreegold Bikini Berlin,https://www.eventbrite.com/e/enterprise-llm-security-in-the-age-of-ai-transformation-tickets-1372684669799?aff=ebdssbdestsearch,Enterprise LLM Security in the Age of AI Transformation,https://www.eventbrite.com/e/enterprise-llm-security-in-the-age-of-ai-transformation-tickets-1372684669799?aff=ebdssbdestsearch,Sales end soon,Berlin · Spreegold Bikini Berlin,52.5200000000,13.4050000000,52.5200000000,13.4050000000,"Berlin · Spreegold Bikini Berlin, Berlin, Germany",geocode:failed,low
Digital Circular Economy,Going fast,Berlin · Antler,https://www.eventbrite.de/e/digital-circular-economy-tickets-1759436685489?aff=ebdssbdestsearch,Digital Circular Economy,https://www.eventbrite.de/e/digital-circular-economy-tickets-1759436685489?aff=ebdssbdestsearch,Going fast,Berlin · Antler,52.5200000000,13.4050000000,52.5200000000,13.4050000000,"Berlin · Antler, Berlin, Germany",geocode:failed,low
Break Into Tech: The Seaview Hands-On Training Experience,Just added,Online,https://www.eventbrite.com/e/break-into-tech-the-seaview-hands-on-training-experience-tickets-1847065545769?aff=ebdssbdestsearch,Break Into Tech: The Seaview Hands-On Training Experience,https://www.eventbrite.com/e/break-into-tech-the-seaview-hands-on-training-experience-tickets-1847065545769?aff=ebdssbdestsearch,Just added,Online,51.3389784000,12.3955204000,52.5200000000,13.4050000000,"Online, Berlin, Germany",geocode:nominatim,medium
"I Missed Out on AI and NVIDIA, What’s Next?",Sales end soon,Online,https://www.eventbrite.com/e/i-missed-out-on-ai-and-nvidia-whats-next-tickets-1510837408359?aff=ebdssbdestsearch,"I Missed Out on AI and NVIDIA, What’s Next?",https://www.eventbrite.com/e/i-missed-out-on-ai-and-nvidia-whats-next-tickets-1510837408359?aff=ebdssbdestsearch,Sales end soon,Online,51.3389784000,12.3955204000,52.5200000000,13.4050000000,"Online, Berlin, Germany",geocode:nominatim,medium
Smartphone Photography Made Easy,"Wed, Oct 29, 12:00 PM CDT",Online,https://www.eventbrite.com/e/smartphone-photography-made-easy-tickets-1761036390249?aff=ebdssbdestsearch,Smartphone Photography Made Easy,https://www.eventbrite.com/e/smartphone-photography-made-easy-tickets-1761036390249?aff=ebdssbdestsearch,"Wed, Oct 29, 12:00 PM CDT",Online,51.3389784000,12.3955204000,52.5200000000,13.4050000000,"Online, Berlin, Germany",geocode:nominatim,medium
"SEO- & AI-Breakfast ""Rise & Rank""","Thu, Nov 6, 9:30 AM",Berlin · Buzzmatic GmbH & Co. KG,https://www.eventbrite.com/e/seo-ai-breakfast-rise-rank-tickets-1781266198149?aff=ebdssbdestsearch,"SEO- & AI-Breakfast ""Rise & Rank""",https://www.eventbrite.com/e/seo-ai-breakfast-rise-rank-tickets-1781266198149?aff=ebdssbdestsearch,"Thu, Nov 6, 9:30 AM",Berlin · Buzzmatic GmbH & Co. KG,52.5200000000,13.4050000000,52.5200000000,13.4050000000,"Berlin · Buzzmatic GmbH & Co. KG, Berlin, Germany",geocode:failed,low
Roadshow Berlin – Digitale Praxishelfer im Einsatz,Going fast,Berlin · Essential by Dorint Berlin,https://www.eventbrite.de/e/roadshow-berlin-digitale-praxishelfer-im-einsatz-tickets-1714144415089?aff=ebdssbdestsearch,Roadshow Berlin – Digitale Praxishelfer im Einsatz,https://www.eventbrite.de/e/roadshow-berlin-digitale-praxishelfer-im-einsatz-tickets-1714144415089?aff=ebdssbdestsearch,Going fast,Berlin · Essential by Dorint Berlin,52.5200000000,13.4050000000,52.5200000000,13.4050000000,"Berlin · Essential by Dorint Berlin, Berlin, Germany",geocode:failed,low
Canon Roadshow 2025 – Cinema EOS und das RF System zum Anfassen,"Tue, Nov 4, 4:00 PM",Berlin · Teltec Berlin,https://www.eventbrite.de/e/canon-roadshow-2025-cinema-eos-und-das-rf-system-zum-anfassen-tickets-1795314517049?aff=ebdssbdestsearch,Canon Roadshow 2025 – Cinema EOS und das RF System zum Anfassen,https://www.eventbrite.de/e/canon-roadshow-2025-cinema-eos-und-das-rf-system-zum-anfassen-tickets-1795314517049?aff=ebdssbdestsearch,"Tue, Nov 4, 4:00 PM",Berlin · Teltec Berlin,52.5200000000,13.4050000000,52.5200000000,13.4050000000,"Berlin · Teltec Berlin, Berlin, Germany",geocode:failed,low
SUPERCOMPUTING IN EUROPA,"Thu, Nov 6, 7:00 PM",Berlin · Instituto Cervantes Berlin - Das spanische Kulturinstitut,https://www.eventbrite.es/e/supercomputing-in-europa-tickets-1452390792959?aff=ebdssbdestsearch,SUPERCOMPUTING IN EUROPA,https://www.eventbrite.es/e/supercomputing-in-europa-tickets-1452390792959?aff=ebdssbdestsearch,"Thu, Nov 6, 7:00 PM",Berlin · Instituto Cervantes Berlin - Das spanische Kulturinstitut,52.5200000000,13.4050000000,52.5200000000,13.4050000000,"Berlin · Instituto Cervantes Berlin - Das spanische Kulturinstitut, Berlin, Germany",geocode:failed,low
Effizientes Abfragen von Informationen aus Dokumenten,"Thu, Nov 6, 10:00 AM",Potsdam · Hasso-Plattner-Institut,https://www.eventbrite.de/e/effizientes-abfragen-von-informationen-aus-dokumenten-tickets-1611078191239?aff=ebdssbdestsearch,Effizientes Abfragen von Informationen aus Dokumenten,https://www.eventbrite.de/e/effizientes-abfragen-von-informationen-aus-dokumenten-tickets-1611078191239?aff=ebdssbdestsearch,"Thu, Nov 6, 10:00 AM",Potsdam · Hasso-Plattner-Institut,52.5200000000,13.4050000000,52.5200000000,13.4050000000,"Potsdam · Hasso-Plattner-Institut, Berlin, Germany",geocode:failed,low
Experience Autonomous Mobility in Berlin,"Thu, Oct 30, 4:30 PM",Berlin · ZEKI | Zentrum für erlebbare Künstliche Intelligenz und Digitalisierung,https://www.eventbrite.de/e/experience-autonomous-mobility-in-berlin-tickets-1740080069329?aff=ebdssbdestsearch,Experience Autonomous Mobility in Berlin,https://www.eventbrite.de/e/experience-autonomous-mobility-in-berlin-tickets-1740080069329?aff=ebdssbdestsearch,"Thu, Oct 30, 4:30 PM",Berlin · ZEKI | Zentrum für erlebbare Künstliche Intelligenz und Digitalisierung,52.5200000000,13.4050000000,52.5200000000,13.4050000000,"Berlin · ZEKI | Zentrum für erlebbare Künstliche Intelligenz und Digitalisierung, Berlin, Germany",geocode:failed,low
Die grüne Couch: MediaTech meets… einbliq.io & filmfriend,"Wed, Nov 5, 5:30 PM",Potsdam · Schaudepot des Filmmuseums,https://www.eventbrite.de/e/die-grune-couch-mediatech-meets-einbliqio-filmfriend-tickets-1609904580939?aff=ebdssbdestsearch,Die grüne Couch: MediaTech meets… einbliq.io & filmfriend,https://www.eventbrite.de/e/die-grune-couch-mediatech-meets-einbliqio-filmfriend-tickets-1609904580939?aff=ebdssbdestsearch,"Wed, Nov 5, 5:30 PM",Potsdam · Schaudepot des Filmmuseums,52.5200000000,13.4050000000,52.5200000000,13.4050000000,"Potsdam · Schaudepot des Filmmuseums, Berlin, Germany",geocode:failed,low
ARRtist Summit 2026,"Thu, Oct 8, 8:30 AM",Berlin · Von Greifswald,https://www.eventbrite.de/e/arrtist-summit-2026-tickets-1709585449099?aff=ebdssbdestsearch,ARRtist Summit 2026,https://www.eventbrite.de/e/arrtist-summit-2026-tickets-1709585449099?aff=ebdssbdestsearch,"Thu, Oct 8, 8:30 AM",Berlin · Von Greifswald,52.5200000000,13.4050000000,52.5200000000,13.4050000000,"Berlin · Von Greifswald, Berlin, Germany",geocode:failed,low
Movers & Shakers ‘Business in Berlin',Going fast,Berlin · Scharrenstraße 22,https://www.eventbrite.co.uk/e/movers-shakers-business-in-berlin-tickets-1537803785519?aff=ebdssbdestsearch,Movers & Shakers ‘Business in Berlin',https://www.eventbrite.co.uk/e/movers-shakers-business-in-berlin-tickets-1537803785519?aff=ebdssbdestsearch,Going fast,Berlin · Scharrenstraße 22,52.5200000000,13.4050000000,52.5200000000,13.4050000000,"Berlin · Scharrenstraße 22, Berlin, Germany",geocode:failed,low
"Meet the MSt in Entrepreneurship, Berlin","Thu, Nov 6, 6:30 PM",Berlin · Techspace Kreuzberg,https://www.eventbrite.com/e/meet-the-mst-in-entrepreneurship-berlin-tickets-1777744394339?aff=ebdssbdestsearch,"Meet the MSt in Entrepreneurship, Berlin",https://www.eventbrite.com/e/meet-the-mst-in-entrepreneurship-berlin-tickets-1777744394339?aff=ebdssbdestsearch,"Thu, Nov 6, 6:30 PM",Berlin · Techspace Kreuzberg,52.4980000000,13.4030000000,52.4980000000,13.4030000000,"Berlin · Techspace Kreuzberg, Berlin, Germany",geocode:failed,low
Innovation Brunch: KI gestützte Prozessautomation und Digital Experience,Almost full,Berlin · David Lloyd Meridian Berlin Spandau Arcaden,https://www.eventbrite.de/e/innovation-brunch-ki-gestutzte-prozessautomation-und-digital-experience-tickets-1788913922699?aff=ebdssbdestsearch,Innovation Brunch: KI gestützte Prozessautomation und Digital Experience,https://www.eventbrite.de/e/innovation-brunch-ki-gestutzte-prozessautomation-und-digital-experience-tickets-1788913922699?aff=ebdssbdestsearch,Almost full,Berlin · David Lloyd Meridian Berlin Spandau Arcaden,52.5510000000,13.1990000000,52.5510000000,13.1990000000,"Berlin · David Lloyd Meridian Berlin Spandau Arcaden, Berlin, Germany",geocode:failed,low
RED & WINE TOUR 2025,"Tue, Nov 11, 4:00 PM",Berlin · Teltec Berlin,https://www.eventbrite.de/e/red-wine-tour-2025-tickets-1813782615629?aff=ebdssbdestsearch,RED & WINE TOUR 2025,https://www.eventbrite.de/e/red-wine-tour-2025-tickets-1813782615629?aff=ebdssbdestsearch,"Tue, Nov 11, 4:00 PM",Berlin · Teltec Berlin,52.5200000000,13.4050000000,52.5200000000,13.4050000000,"Berlin · Teltec Berlin, Berlin, Germany",geocode:failed,low
Open House: Come Visit Our Campus!,"Wed, Nov 5, 2:00 PM",Berlin · Spiced Academy,https://www.eventbrite.de/e/open-house-come-visit-our-campus-tickets-1729529883439?aff=ebdssbdestsearch,Open House: Come Visit Our Campus!,https://www.eventbrite.de/e/open-house-come-visit-our-campus-tickets-1729529883439?aff=ebdssbdestsearch,"Wed, Nov 5, 2:00 PM",Berlin · Spiced Academy,52.5200000000,13.4050000000,52.5200000000,13.4050000000,"Berlin · Spiced Academy, Berlin, Germany",geocode:failed,low
Startups+/understand design thinking vs. lean startup vs. agile,"Fri, Dec 5, 7:00 PM",Berlin · Berlin,https://www.eventbrite.com/e/startupsunderstand-design-thinking-vs-lean-startup-vs-agile-tickets-1697522658969?aff=ebdssbdestsearch,Startups+/understand design thinking vs. lean startup vs. agile,https://www.eventbrite.com/e/startupsunderstand-design-thinking-vs-lean-startup-vs-agile-tickets-1697522658969?aff=ebdssbdestsearch,"Fri, Dec 5, 7:00 PM",Berlin · Berlin,52.4880037000,13.4089223000,52.5200000000,13.4050000000,"Berlin · Berlin, Berlin, Germany",geocode:nominatim,medium
"HTW Berlin & OEV Innovation Hub Meet-up: Innovation, Trends & Networking","Thu, Nov 6, 4:00 PM",Berlin · BASECAMP,https://www.eventbrite.com/e/htw-berlin-oev-innovation-hub-meet-up-innovation-trends-networking-tickets-1813399670229?aff=ebdssbdestsearch,"HTW Berlin & OEV Innovation Hub Meet-up: Innovation, Trends & Networking",https://www.eventbrite.com/e/htw-berlin-oev-innovation-hub-meet-up-innovation-trends-networking-tickets-1813399670229?aff=ebdssbdestsearch,"Thu, Nov 6, 4:00 PM",Berlin · BASECAMP,52.5200000000,13.4050000000,52.5200000000,13.4050000000,"Berlin · BASECAMP, Berlin, Germany",geocode:failed,low
Automating Acceptance & Release Readiness in Jira with Agent| Berlin Meetup,Sales end soon,Berlin · SumUp Services GmbH,https://www.eventbrite.com/e/automating-acceptance-release-readiness-in-jira-with-agent-berlin-meetup-tickets-1804577111719?aff=ebdssbdestsearch,Automating Acceptance & Release Readiness in Jira with Agent| Berlin Meetup,https://www.eventbrite.com/e/automating-acceptance-release-readiness-in-jira-with-agent-berlin-meetup-tickets-1804577111719?aff=ebdssbdestsearch,Sales end soon,Berlin · SumUp Services GmbH,52.5200000000,13.4050000000,52.5200000000,13.4050000000,"Berlin · SumUp Services GmbH, Berlin, Germany",geocode:failed,low
Videos & Audios durchsuchen mit KI,"Fri, Nov 21, 10:00 AM",Potsdam · Hasso -Plattner-Institut,https://www.eventbrite.de/e/videos-audios-durchsuchen-mit-ki-tickets-1611192202249?aff=ebdssbdestsearch,Videos & Audios durchsuchen mit KI,https://www.eventbrite.de/e/videos-audios-durchsuchen-mit-ki-tickets-1611192202249?aff=ebdssbdestsearch,"Fri, Nov 21, 10:00 AM",Potsdam · Hasso -Plattner-Institut,52.5200000000,13.4050000000,52.5200000000,13.4050000000,"Potsdam · Hasso -Plattner-Institut, Berlin, Germany",geocode:failed,low
Tier 4 : STU Training  Tour Potsdam,"Wed, Feb 4, 9:00 AM",Potsdam · Hartje Bike Experience Center Potsdam,https://www.eventbrite.de/e/tier-4-stu-training-tour-potsdam-tickets-1445694664659?aff=ebdssbdestsearch,Tier 4 : STU Training  Tour Potsdam,https://www.eventbrite.de/e/tier-4-stu-training-tour-potsdam-tickets-1445694664659?aff=ebdssbdestsearch,"Wed, Feb 4, 9:00 AM",Potsdam · Hartje Bike Experience Center Potsdam,52.5200000000,13.4050000000,52.5200000000,13.4050000000,"Potsdam · Hartje Bike Experience Center Potsdam, Berlin, Germany",geocode:failed,low
Launch Your Own Successful AI App | AI Startup | Workshop 2025,"Tue, Oct 28, 1:00 PM + 47 more",Berlin · Berlin,https://www.eventbrite.com/e/launch-your-own-successful-ai-app-ai-startup-workshop-2025-tickets-892940738787?aff=ebdssbdestsearch,Launch Your Own Successful AI App | AI Startup | Workshop 2025,https://www.eventbrite.com/e/launch-your-own-successful-ai-app-ai-startup-workshop-2025-tickets-892940738787?aff=ebdssbdestsearch,"Tue, Oct 28, 1:00 PM + 47 more",Berlin · Berlin,52.4880037000,13.4089223000,52.5200000000,13.4050000000,"Berlin · Berlin, Berlin, Germany",geocode:nominatim,medium
Simplified A.I. Marketing,Sales end soon,Online,https://www.eventbrite.com/e/simplified-ai-marketing-tickets-1740310979989?aff=ebdssbdestsearch,Simplified A.I. Marketing,https://www.eventbrite.com/e/simplified-ai-marketing-tickets-1740310979989?aff=ebdssbdestsearch,Sales end soon,Online,51.3389784000,12.3955204000,52.5200000000,13.4050000000,"Online, Berlin, Germany",geocode:nominatim,medium
SX Festival & SX Expo 2026 Berlin,"Sat, Jun 27, 12:00 PM",Berlin · Magazin in der Heeresbäckerei,https://www.eventbrite.ie/e/sx-festival-sx-expo-2026-berlin-tickets-1550925051579?aff=ebdssbdestsearch,SX Festival & SX Expo 2026 Berlin,https://www.eventbrite.ie/e/sx-festival-sx-expo-2026-berlin-tickets-1550925051579?aff=ebdssbdestsearch,"Sat, Jun 27, 12:00 PM",Berlin · Magazin in der Heeresbäckerei,52.5200000000,13.4050000000,52.5200000000,13.4050000000,"Berlin · Magazin in der Heeresbäckerei, Berlin, Germany",geocode:failed,low
CPI + Google.org Essentials of AI Training  November,"Thu, Nov 20, 5:00 PM",Berlin · Code Academy Berlin,https://www.eventbrite.de/e/cpi-googleorg-essentials-of-ai-training-november-tickets-1756245560749?aff=ebdssbdestsearch,CPI + Google.org Essentials of AI Training  November,https://www.eventbrite.de/e/cpi-googleorg-essentials-of-ai-training-november-tickets-1756245560749?aff=ebdssbdestsearch,"Thu, Nov 20, 5:00 PM",Berlin · Code Academy Berlin,52.5200000000,13.4050000000,52.5200000000,13.4050000000,"Berlin · Code Academy Berlin, Berlin, Germany",geocode:failed,low
Rise of AI Conference 2026,"Wed, May 6, 8:35 AM",Berlin · Humboldt Carré Konferenz- und Eventzentrum,https://www.eventbrite.de/e/rise-of-ai-conference-2026-tickets-1524895586749?aff=ebdssbdestsearch,Rise of AI Conference 2026,https://www.eventbrite.de/e/rise-of-ai-conference-2026-tickets-1524895586749?aff=ebdssbdestsearch,"Wed, May 6, 8:35 AM",Berlin · Humboldt Carré Konferenz- und Eventzentrum,52.5200000000,13.4050000000,52.5200000000,13.4050000000,"Berlin · Humboldt Carré Konferenz- und Eventzentrum, Berlin, Germany",geocode:failed,low
Nikon X Teltec. Z-Mount Pro Video Meetup,"Thu, Dec 4, 2:00 PM",Berlin · Teltec Berlin,https://www.eventbrite.de/e/nikon-x-teltec-z-mount-pro-video-meetup-tickets-1818087090429?aff=ebdssbdestsearch,Nikon X Teltec. Z-Mount Pro Video Meetup,https://www.eventbrite.de/e/nikon-x-teltec-z-mount-pro-video-meetup-tickets-1818087090429?aff=ebdssbdestsearch,"Thu, Dec 4, 2:00 PM",Berlin · Teltec Berlin,52.5200000000,13.4050000000,52.5200000000,13.4050000000,"Berlin · Teltec Berlin, Berlin, Germany",geocode:failed,low
Maker Basics: Soldering & Electronics,"Mon, Nov 3, 4:00 PM + 1 more",Berlin · FabLab Neukölln,https://www.eventbrite.de/e/maker-basics-soldering-electronics-tickets-1259469750929?aff=ebdssbdestsearch,Maker Basics: Soldering & Electronics,https://www.eventbrite.de/e/maker-basics-soldering-electronics-tickets-1259469750929?aff=ebdssbdestsearch,"Mon, Nov 3, 4:00 PM + 1 more",Berlin · FabLab Neukölln,52.4480000000,13.4490000000,52.4480000000,13.4490000000,"Berlin · FabLab Neukölln, Berlin, Germany",geocode:failed,low
ISTQB® Advanced Level Test Manager Training Course (in English) - Berlin,"Mon, Nov 3, 9:00 AM + 9 more",Berlin · Gontardstraße 11,https://www.eventbrite.com/e/istqb-advanced-level-test-manager-training-course-in-english-berlin-tickets-229294605337?aff=ebdssbdestsearch,ISTQB® Advanced Level Test Manager Training Course (in English) - Berlin,https://www.eventbrite.com/e/istqb-advanced-level-test-manager-training-course-in-english-berlin-tickets-229294605337?aff=ebdssbdestsearch,"Mon, Nov 3, 9:00 AM + 9 more",Berlin · Gontardstraße 11,52.5200000000,13.4050000000,52.5200000000,13.4050000000,"Berlin · Gontardstraße 11, Berlin, Germany",geocode:failed,low
Meet the Machines: Onboarding Session at FabLab Neukölln,"Mon, Oct 27, 6:30 PM + 3 more",Berlin · FabLab Neukölln,https://www.eventbrite.de/e/meet-the-machines-onboarding-session-at-fablab-neukolln-tickets-579288656967?aff=ebdssbdestsearch,Meet the Machines: Onboarding Session at FabLab Neukölln,https://www.eventbrite.de/e/meet-the-machines-onboarding-session-at-fablab-neukolln-tickets-579288656967?aff=ebdssbdestsearch,"Mon, Oct 27, 6:30 PM + 3 more",Berlin · FabLab Neukölln,52.4480000000,13.4490000000,52.4480000000,13.4490000000,"Berlin · FabLab Neukölln, Berlin, Germany",geocode:failed,low
Maker Basics: Sewing,Almost full,Berlin · FabLab Neukölln,https://www.eventbrite.de/e/maker-basics-sewing-tickets-1075716158989?aff=ebdssbdestsearch,Maker Basics: Sewing,https://www.eventbrite.de/e/maker-basics-sewing-tickets-1075716158989?aff=ebdssbdestsearch,Almost full,Berlin · FabLab Neukölln,52.4480000000,13.4490000000,52.4480000000,13.4490000000,"Berlin · FabLab Neukölln, Berlin, Germany",geocode:failed,low
Zukunft der Arbeit - Prozessinnovation durch immersive Technologien,"Wed, Nov 26, 3:00 PM",Berlin · Hochschule für Technik und Wirtschaft Berlin (HTW Berlin) - Campus Wilhelminenhof,https://www.eventbrite.de/e/zukunft-der-arbeit-prozessinnovation-durch-immersive-technologien-tickets-1639773349229?aff=ebdssbdestsearch,Zukunft der Arbeit - Prozessinnovation durch immersive Technologien,https://www.eventbrite.de/e/zukunft-der-arbeit-prozessinnovation-durch-immersive-technologien-tickets-1639773349229?aff=ebdssbdestsearch,"Wed, Nov 26, 3:00 PM",Berlin · Hochschule für Technik und Wirtschaft Berlin (HTW Berlin) - Campus Wilhelminenhof,52.5200000000,13.4050000000,52.5200000000,13.4050000000,"Berlin · Hochschule für Technik und Wirtschaft Berlin (HTW Berlin) - Campus Wilhelminenhof, Berlin, Germany",geocode:failed,low
Startups Mentorship Program,"Sat, Nov 8, 5:00 PM + 2 more",Berlin · Berlin,https://www.eventbrite.com/e/startups-mentorship-program-tickets-121638868129?aff=ebdssbdestsearch,Startups Mentorship Program,https://www.eventbrite.com/e/startups-mentorship-program-tickets-121638868129?aff=ebdssbdestsearch,"Sat, Nov 8, 5:00 PM + 2 more",Berlin · Berlin,52.4880037000,13.4089223000,52.5200000000,13.4050000000,"Berlin · Berlin, Berlin, Germany",geocode:nominatim,medium
Workshop—Introduction to UV Printing with  the eufyMake E1,"Thu, Jan 8, 10:00 AM + 10 more",Berlin · MotionLab.Berlin,https://www.eventbrite.de/e/workshopintroduction-to-uv-printing-with-the-eufymake-e1-tickets-1657701693389?aff=ebdssbdestsearch,Workshop—Introduction to UV Printing with  the eufyMake E1,https://www.eventbrite.de/e/workshopintroduction-to-uv-printing-with-the-eufymake-e1-tickets-1657701693389?aff=ebdssbdestsearch,"Thu, Jan 8, 10:00 AM + 10 more",Berlin · MotionLab.Berlin,52.4936366000,13.4481126000,52.4856000000,13.4573000000,"Berlin · MotionLab.Berlin, Berlin, Germany",geocode:nominatim,medium
Momentum+/ Solve the digital divide in the AI age,"Fri, Nov 21, 7:00 PM",Berlin · Berlin,https://www.eventbrite.com/e/momentum-solve-the-digital-divide-in-the-ai-age-tickets-1850123702799?aff=ebdssbdestsearch,Momentum+/ Solve the digital divide in the AI age,https://www.eventbrite.com/e/momentum-solve-the-digital-divide-in-the-ai-age-tickets-1850123702799?aff=ebdssbdestsearch,"Fri, Nov 21, 7:00 PM",Berlin · Berlin,52.4880037000,13.4089223000,52.5200000000,13.4050000000,"Berlin · Berlin, Berlin, Germany",geocode:nominatim,medium
"ISTQB® Foundation Exam and Training Course (in English) - Berlin, 3 days","Mon, Nov 10, 9:00 AM + 24 more",Berlin · Knesebeckstraße 62,https://www.eventbrite.com/e/istqb-foundation-exam-and-training-course-in-english-berlin-3-days-tickets-34163571161?aff=ebdssbdestsearch,"ISTQB® Foundation Exam and Training Course (in English) - Berlin, 3 days",https://www.eventbrite.com/e/istqb-foundation-exam-and-training-course-in-english-berlin-3-days-tickets-34163571161?aff=ebdssbdestsearch,"Mon, Nov 10, 9:00 AM + 24 more",Berlin · Knesebeckstraße 62,52.5200000000,13.4050000000,52.5200000000,13.4050000000,"Berlin · Knesebeckstraße 62, Berlin, Germany",geocode:failed,low
DJ Workshop for beginners: Group sessions with DJ BERKITA ✨,Today at 6:30 PM + 26 more,Berlin · Köpenicker Straße,https://www.eventbrite.de/e/dj-workshop-for-beginners-group-sessions-with-dj-berkita-tickets-1401740626949?aff=ebdssbdestsearch,DJ Workshop for beginners: Group sessions with DJ BERKITA ✨,https://www.eventbrite.de/e/dj-workshop-for-beginners-group-sessions-with-dj-berkita-tickets-1401740626949?aff=ebdssbdestsearch,Today at 6:30 PM + 26 more,Berlin · Köpenicker Straße,52.5128124000,13.4176257000,52.4460000000,13.5740000000,"Berlin · Köpenicker Straße, Berlin, Germany",geocode:nominatim,medium
How to get started in leadership as a female engineer? - Ada Rise by Enpal,"Thu, Nov 20, 5:00 PM",Berlin · Enpal BV,https://www.eventbrite.de/e/how-to-get-started-in-leadership-as-a-female-engineer-ada-rise-by-enpal-tickets-1803173573699?aff=ebdssbdestsearch,How to get started in leadership as a female engineer? - Ada Rise by Enpal,https://www.eventbrite.de/e/how-to-get-started-in-leadership-as-a-female-engineer-ada-rise-by-enpal-tickets-1803173573699?aff=ebdssbdestsearch,"Thu, Nov 20, 5:00 PM",Berlin · Enpal BV,52.5200000000,13.4050000000,52.5200000000,13.4050000000,"Berlin · Enpal BV, Berlin, Germany",geocode:failed,low
Maker Basics: Woodworking,Going fast,Berlin · FabLab Neukölln,https://www.eventbrite.de/e/maker-basics-woodworking-tickets-1075694103019?aff=ebdssbdestsearch,Maker Basics: Woodworking,https://www.eventbrite.de/e/maker-basics-woodworking-tickets-1075694103019?aff=ebdssbdestsearch,Going fast,Berlin · FabLab Neukölln,52.4480000000,13.4490000000,52.4480000000,13.4490000000,"Berlin · FabLab Neukölln, Berlin, Germany",geocode:failed,low
Prompt to Profit — Learn Generative AI for Business and Innovation,Sales end soon,Berlin · Regus Berlin,https://www.eventbrite.com/e/prompt-to-profit-learn-generative-ai-for-business-and-innovation-tickets-1845890802079?aff=ebdssbdestsearch,Prompt to Profit — Learn Generative AI for Business and Innovation,https://www.eventbrite.com/e/prompt-to-profit-learn-generative-ai-for-business-and-innovation-tickets-1845890802079?aff=ebdssbdestsearch,Sales end soon,Berlin · Regus Berlin,52.5200000000,13.4050000000,52.5200000000,13.4050000000,"Berlin · Regus Berlin, Berlin, Germany",geocode:failed,low
Build Your First Successful AI SaaS Startup Today! - Workshop,Sales end soon,Berlin · Regus Office,https://www.eventbrite.com/e/build-your-first-successful-ai-saas-startup-today-workshop-tickets-887019458077?aff=ebdssbdestsearch,Build Your First Successful AI SaaS Startup Today! - Workshop,https://www.eventbrite.com/e/build-your-first-successful-ai-saas-startup-today-workshop-tickets-887019458077?aff=ebdssbdestsearch,Sales end soon,Berlin · Regus Office,52.5200000000,13.4050000000,52.5200000000,13.4050000000,"Berlin · Regus Office, Berlin, Germany",geocode:failed,low
15.10 Tech & Trivia Pub Quiz,"Wed, Oct 15, 6:00 PM",Berlin · Electric Social,https://www.eventbrite.de/e/1510-tech-trivia-pub-quiz-registration-1704306960999?aff=ebdssbdestsearch,15.10 Tech & Trivia Pub Quiz,https://www.eventbrite.de/e/1510-tech-trivia-pub-quiz-registration-1704306960999?aff=ebdssbdestsearch,"Wed, Oct 15, 6:00 PM",Berlin · Electric Social,52.5200000000,13.4050000000,52.5200000000,13.4050000000,"Berlin · Electric Social, Berlin, Germany",geocode:failed,low
"Berlin, Germany - Small99's People, Planet, Pint™: Sustainability Meetup","Mon, Dec 8, 7:00 PM",Berlin · Rotes Rathaus Christmas Market,https://www.eventbrite.co.uk/e/berlin-germany-small99s-people-planet-pinttm-sustainability-meetup-tickets-1711470838349?aff=ebdssbdestsearch,"Berlin, Germany - Small99's People, Planet, Pint™: Sustainability Meetup",https://www.eventbrite.co.uk/e/berlin-germany-small99s-people-planet-pinttm-sustainability-meetup-tickets-1711470838349?aff=ebdssbdestsearch,"Mon, Dec 8, 7:00 PM",Berlin · Rotes Rathaus Christmas Market,52.5200000000,13.4050000000,52.5200000000,13.4050000000,"Berlin · Rotes Rathaus Christmas Market, Berlin, Germany",geocode:failed,low
Entrepreneurship Summit 2026 in Berlin,"Sat, Oct 17, 9:00 AM",Berlin · Henry-Ford-Bau,https://www.eventbrite.de/e/entrepreneurship-summit-2026-in-berlin-tickets-1780515482739?aff=ebdssbdestsearch,Entrepreneurship Summit 2026 in Berlin,https://www.eventbrite.de/e/entrepreneurship-summit-2026-in-berlin-tickets-1780515482739?aff=ebdssbdestsearch,"Sat, Oct 17, 9:00 AM",Berlin · Henry-Ford-Bau,52.5200000000,13.4050000000,52.5200000000,13.4050000000,"Berlin · Henry-Ford-Bau, Berlin, Germany",geocode:failed,low
Founders Running Club :: Berlin,Sales end soon,Berlin · Dorothea-Schlegel-Platz,https://www.eventbrite.com/e/founders-running-club-berlin-tickets-911910287217?aff=ebdssbdestsearch,Founders Running Club :: Berlin,https://www.eventbrite.com/e/founders-running-club-berlin-tickets-911910287217?aff=ebdssbdestsearch,Sales end soon,Berlin · Dorothea-Schlegel-Platz,52.5200000000,13.4050000000,52.5200000000,13.4050000000,"Berlin · Dorothea-Schlegel-Platz, Berlin, Germany",geocode:failed,low
"Berlin Presentation Lab- Biweekly Impulse Lecture, Practice & Coaching","Tue, Dec 16, 6:30 PM",Berlin · Chausseestraße 86,https://www.eventbrite.com/e/berlin-presentation-lab-biweekly-impulse-lecture-practice-coaching-tickets-1796486833479?aff=ebdssbdestsearch,"Berlin Presentation Lab- Biweekly Impulse Lecture, Practice & Coaching",https://www.eventbrite.com/e/berlin-presentation-lab-biweekly-impulse-lecture-practice-coaching-tickets-1796486833479?aff=ebdssbdestsearch,"Tue, Dec 16, 6:30 PM",Berlin · Chausseestraße 86,52.5373220000,13.3731035000,52.5200000000,13.4050000000,"Berlin · Chausseestraße 86, Berlin, Germany",geocode:nominatim,medium
"ISTQB® Automation Engineer Training Course - Berlin(3 days, in English)","Wed, Nov 12, 9:00 AM + 3 more",Berlin · U Potsdamer Platz,https://www.eventbrite.com/e/istqb-automation-engineer-training-course-berlin3-days-in-english-tickets-109154046692?aff=ebdssbdestsearch,"ISTQB® Automation Engineer Training Course - Berlin(3 days, in English)",https://www.eventbrite.com/e/istqb-automation-engineer-training-course-berlin3-days-in-english-tickets-109154046692?aff=ebdssbdestsearch,"Wed, Nov 12, 9:00 AM + 3 more",Berlin · U Potsdamer Platz,52.5200000000,13.4050000000,52.5200000000,13.4050000000,"Berlin · U Potsdamer Platz, Berlin, Germany",geocode:failed,low
Certified Blockchain Associate | Berlin,Thursday at 4:00 PM + 5 more,Berlin · Berlin,https://www.eventbrite.com.au/e/certified-blockchain-associate-berlin-tickets-491440631157?aff=ebdssbdestsearch,Certified Blockchain Associate | Berlin,https://www.eventbrite.com.au/e/certified-blockchain-associate-berlin-tickets-491440631157?aff=ebdssbdestsearch,Thursday at 4:00 PM + 5 more,Berlin · Berlin,52.4880037000,13.4089223000,52.5200000000,13.4050000000,"Berlin · Berlin, Berlin, Germany",geocode:nominatim,medium
CIO Germany 2026,"Thu, Jun 4, 8:30 AM","Berlin · The Ritz-Carlton, Berlin",https://www.eventbrite.co.uk/e/cio-germany-2026-tickets-1502868262429?aff=ebdssbdestsearch,CIO Germany 2026,https://www.eventbrite.co.uk/e/cio-germany-2026-tickets-1502868262429?aff=ebdssbdestsearch,"Thu, Jun 4, 8:30 AM","Berlin · The Ritz-Carlton, Berlin",52.5200000000,13.4050000000,52.5200000000,13.4050000000,"Berlin · The Ritz-Carlton, Berlin, Berlin, Germany",geocode:failed,low
Low-Code First Friday im November,"Fri, Nov 7, 10:00 AM",Berlin · Scopeland Technology GmbH,https://www.eventbrite.de/e/low-code-first-friday-im-november-tickets-1118791127379?aff=ebdssbdestsearch,Low-Code First Friday im November,https://www.eventbrite.de/e/low-code-first-friday-im-november-tickets-1118791127379?aff=ebdssbdestsearch,"Fri, Nov 7, 10:00 AM",Berlin · Scopeland Technology GmbH,52.5200000000,13.4050000000,52.5200000000,13.4050000000,"Berlin · Scopeland Technology GmbH, Berlin, Germany",geocode:failed,low
ISTQB®  Test Automation Strategy Training Course - Berlin(in English),Monday at 9:00 AM + 33 more,Berlin · U Potsdamer Platz,https://www.eventbrite.com/e/istqb-test-automation-strategy-training-course-berlinin-english-tickets-1026817818737?aff=ebdssbdestsearch,ISTQB®  Test Automation Strategy Training Course - Berlin(in English),https://www.eventbrite.com/e/istqb-test-automation-strategy-training-course-berlinin-english-tickets-1026817818737?aff=ebdssbdestsearch,Monday at 9:00 AM + 33 more,Berlin · U Potsdamer Platz,52.5200000000,13.4050000000,52.5200000000,13.4050000000,"Berlin · U Potsdamer Platz, Berlin, Germany",geocode:failed,low
Low-Code First Friday im Dezember,"Fri, Dec 5, 10:00 AM",Berlin · Scopeland Technology GmbH,https://www.eventbrite.de/e/low-code-first-friday-im-dezember-tickets-1118791468399?aff=ebdssbdestsearch,Low-Code First Friday im Dezember,https://www.eventbrite.de/e/low-code-first-friday-im-dezember-tickets-1118791468399?aff=ebdssbdestsearch,"Fri, Dec 5, 10:00 AM",Berlin · Scopeland Technology GmbH,52.5200000000,13.4050000000,52.5200000000,13.4050000000,"Berlin · Scopeland Technology GmbH, Berlin, Germany",geocode:failed,low
Teckel TV - Der Talk mit Bernd Kötting,Just added,Berlin · Posh Teckel,https://www.eventbrite.de/e/teckel-tv-der-talk-mit-bernd-kotting-tickets-1845160728409?aff=ebdssbdestsearch,Teckel TV - Der Talk mit Bernd Kötting,https://www.eventbrite.de/e/teckel-tv-der-talk-mit-bernd-kotting-tickets-1845160728409?aff=ebdssbdestsearch,Just added,Berlin · Posh Teckel,52.5200000000,13.4050000000,52.5200000000,13.4050000000,"Berlin · Posh Teckel, Berlin, Germany",geocode:failed,low
Embassy of Canada Networking Reception,"Mon, Nov 10, 3:30 PM","Berlin · Embassy of Canada to Germany, in Berlin",https://www.eventbrite.ca/e/embassy-of-canada-networking-reception-tickets-1828900854689?aff=ebdssbdestsearch,Embassy of Canada Networking Reception,https://www.eventbrite.ca/e/embassy-of-canada-networking-reception-tickets-1828900854689?aff=ebdssbdestsearch,"Mon, Nov 10, 3:30 PM","Berlin · Embassy of Canada to Germany, in Berlin",52.5200000000,13.4050000000,52.5200000000,13.4050000000,"Berlin · Embassy of Canada to Germany, in Berlin, Berlin, Germany",geocode:failed,low
xG-Afterwork — Your Gateway to Berlin’s Telecommunications Community,"Thu, Nov 13, 5:00 PM","Berlin · Fachgebiet Telekommunikationsnetze, Gebäude HFT-TA (Raum 101 und 131 plus Foyer; erste Etage)",https://www.eventbrite.de/e/xg-afterwork-your-gateway-to-berlins-telecommunications-community-tickets-1678677251849?aff=ebdssbdestsearch,xG-Afterwork — Your Gateway to Berlin’s Telecommunications Community,https://www.eventbrite.de/e/xg-afterwork-your-gateway-to-berlins-telecommunications-community-tickets-1678677251849?aff=ebdssbdestsearch,"Thu, Nov 13, 5:00 PM","Berlin · Fachgebiet Telekommunikationsnetze, Gebäude HFT-TA (Raum 101 und 131 plus Foyer; erste Etage)",52.5200000000,13.4050000000,52.5200000000,13.4050000000,"Berlin · Fachgebiet Telekommunikationsnetze, Gebäude HFT-TA (Raum 101 und 131 plus Foyer; erste Etage), Berlin, Germany",geocode:failed,low
KI-EscapeRoom - Spielerisch künstliche Intelligenz für Unternehmen erleben,Tomorrow at 11:30 AM + 81 more,Werder (Havel) · Mittelstand-Digital Zentrum Berlin (Standort Werder (Havel)),https://www.eventbrite.de/e/ki-escaperoom-spielerisch-kunstliche-intelligenz-fur-unternehmen-erleben-tickets-1521501655409?aff=ebdssbdestsearch,KI-EscapeRoom - Spielerisch künstliche Intelligenz für Unternehmen erleben,https://www.eventbrite.de/e/ki-escaperoom-spielerisch-kunstliche-intelligenz-fur-unternehmen-erleben-tickets-1521501655409?aff=ebdssbdestsearch,Tomorrow at 11:30 AM + 81 more,Werder (Havel) · Mittelstand-Digital Zentrum Berlin (Standort Werder (Havel)),52.5200000000,13.4090000000,52.5200000000,13.4090000000,"Werder (Havel) · Mittelstand-Digital Zentrum Berlin (Standort Werder (Havel)), Berlin, Germany",geocode:failed,low
Kung Fu Classes,Sales end soon,Berlin · Hasenheide parkrun,https://www.eventbrite.de/e/kung-fu-classes-tickets-1332117582549?aff=ebdssbdestsearch,Kung Fu Classes,https://www.eventbrite.de/e/kung-fu-classes-tickets-1332117582549?aff=ebdssbdestsearch,Sales end soon,Berlin · Hasenheide parkrun,52.5200000000,13.4050000000,52.5200000000,13.4050000000,"Berlin · Hasenheide parkrun, Berlin, Germany",geocode:failed,low
Workshop - Intro to the Würth Elektronik-Lab,Going fast,Berlin · MotionLab.Berlin,https://www.eventbrite.com/e/workshop-intro-to-the-wurth-elektronik-lab-tickets-1004479775047?aff=ebdssbdestsearch,Workshop - Intro to the Würth Elektronik-Lab,https://www.eventbrite.com/e/workshop-intro-to-the-wurth-elektronik-lab-tickets-1004479775047?aff=ebdssbdestsearch,Going fast,Berlin · MotionLab.Berlin,52.4936366000,13.4481126000,52.4856000000,13.4573000000,"Berlin · MotionLab.Berlin, Berlin, Germany",geocode:nominatim,medium
Martin Audio Systemtraining im Hangar-312 Neuruppin,Sales end soon,Neuruppin · Hangar-312,https://www.eventbrite.de/e/martin-audio-systemtraining-im-hangar-312-neuruppin-tickets-1684026200699?aff=ebdssbdestsearch,Martin Audio Systemtraining im Hangar-312 Neuruppin,https://www.eventbrite.de/e/martin-audio-systemtraining-im-hangar-312-neuruppin-tickets-1684026200699?aff=ebdssbdestsearch,Sales end soon,Neuruppin · Hangar-312,52.5200000000,13.4050000000,52.5200000000,13.4050000000,"Neuruppin · Hangar-312, Berlin, Germany",geocode:failed,low
Data Vault 2.1 Boot Camp and Certification – Berlin  (November 2025)(Ger),"Mon, Nov 17, 9:00 AM",Berlin · Hotel NH Collection Berlin Mitte am Checkpoint Charlie,https://www.eventbrite.de/e/data-vault-21-boot-camp-and-certification-berlin-november-2025ger-tickets-1832711241659?aff=ebdssbdestsearch,Data Vault 2.1 Boot Camp and Certification – Berlin  (November 2025)(Ger),https://www.eventbrite.de/e/data-vault-21-boot-camp-and-certification-berlin-november-2025ger-tickets-1832711241659?aff=ebdssbdestsearch,"Mon, Nov 17, 9:00 AM",Berlin · Hotel NH Collection Berlin Mitte am Checkpoint Charlie,52.5200000000,13.4090000000,52.5200000000,13.4090000000,"Berlin · Hotel NH Collection Berlin Mitte am Checkpoint Charlie, Berlin, Germany",geocode:failed,low
4WARD Global Climate & Sustainability Networking Meetups Berlin,"Thu, Nov 27, 6:30 PM",Berlin · BrewDog Berlin Mitte,https://www.eventbrite.com/e/4ward-global-climate-sustainability-networking-meetups-berlin-tickets-1255038206059?aff=ebdssbdestsearch,4WARD Global Climate & Sustainability Networking Meetups Berlin,https://www.eventbrite.com/e/4ward-global-climate-sustainability-networking-meetups-berlin-tickets-1255038206059?aff=ebdssbdestsearch,"Thu, Nov 27, 6:30 PM",Berlin · BrewDog Berlin Mitte,52.5200000000,13.4090000000,52.5200000000,13.4090000000,"Berlin · BrewDog Berlin Mitte, Berlin, Germany",geocode:failed,low
AI & Teens: The Conversation You Can't Afford to Skip,"Fri, Nov 7, 9:00 AM PST",Online,https://www.eventbrite.com/e/ai-teens-the-conversation-you-cant-afford-to-skip-tickets-1766711966049?aff=ebdssbdestsearch,AI & Teens: The Conversation You Can't Afford to Skip,https://www.eventbrite.com/e/ai-teens-the-conversation-you-cant-afford-to-skip-tickets-1766711966049?aff=ebdssbdestsearch,"Fri, Nov 7, 9:00 AM PST",Online,51.3389784000,12.3955204000,52.5200000000,13.4050000000,"Online, Berlin, Germany",geocode:nominatim,medium
Introduction to Culturally Affirming Social and Emotional Learning,Sales end soon,Online,https://www.eventbrite.com/e/introduction-to-culturally-affirming-social-and-emotional-learning-tickets-1676580420169?aff=ebdssbdestsearch,Introduction to Culturally Affirming Social and Emotional Learning,https://www.eventbrite.com/e/introduction-to-culturally-affirming-social-and-emotional-learning-tickets-1676580420169?aff=ebdssbdestsearch,Sales end soon,Online,51.3389784000,12.3955204000,52.5200000000,13.4050000000,"Online, Berlin, Germany",geocode:nominatim,medium
Tech Talent Night 2025,"Wed, Nov 26, 5:00 PM",Leipzig · Design Offices Leipzig Post,https://www.eventbrite.de/e/tech-talent-night-2025-tickets-1660737112409?aff=ebdssbdestsearch,Tech Talent Night 2025,https://www.eventbrite.de/e/tech-talent-night-2025-tickets-1660737112409?aff=ebdssbdestsearch,"Wed, Nov 26, 5:00 PM",Leipzig · Design Offices Leipzig Post,52.5200000000,13.4050000000,52.5200000000,13.4050000000,"Leipzig · Design Offices Leipzig Post, Berlin, Germany",geocode:failed,low
Finanzplanung für angehende Unternehmerinnen & Unternehmer,Almost full,"Leipzig · HTWK Leipzig, Campus Eilenburger Straße",https://www.eventbrite.de/e/finanzplanung-fur-angehende-unternehmerinnen-unternehmer-tickets-1728875285519?aff=ebdssbdestsearch,Finanzplanung für angehende Unternehmerinnen & Unternehmer,https://www.eventbrite.de/e/finanzplanung-fur-angehende-unternehmerinnen-unternehmer-tickets-1728875285519?aff=ebdssbdestsearch,Almost full,"Leipzig · HTWK Leipzig, Campus Eilenburger Straße",52.5200000000,13.4050000000,52.5200000000,13.4050000000,"Leipzig · HTWK Leipzig, Campus Eilenburger Straße, Berlin, Germany",geocode:failed,low
Sales & Stories #2,"Tue, Nov 4, 7:00 PM",Leipzig · Basislager Coworking,https://www.eventbrite.de/e/sales-stories-2-tickets-1803077355909?aff=ebdssbdestsearch,Sales & Stories #2,https://www.eventbrite.de/e/sales-stories-2-tickets-1803077355909?aff=ebdssbdestsearch,"Tue, Nov 4, 7:00 PM",Leipzig · Basislager Coworking,51.3320744000,12.3735399000,52.5200000000,13.4050000000,"Leipzig · Basislager Coworking, Berlin, Germany",geocode:nominatim,medium
MINDSHOP | Design Thinking: The HolyGrail of Innovative Products,Sales end soon,Leipzig · Mindshop Online Classroom,https://www.eventbrite.com/e/mindshop-design-thinking-the-holygrail-of-innovative-products-tickets-735194335047?aff=ebdssbdestsearch,MINDSHOP | Design Thinking: The HolyGrail of Innovative Products,https://www.eventbrite.com/e/mindshop-design-thinking-the-holygrail-of-innovative-products-tickets-735194335047?aff=ebdssbdestsearch,Sales end soon,Leipzig · Mindshop Online Classroom,52.5200000000,13.4050000000,52.5200000000,13.4050000000,"Leipzig · Mindshop Online Classroom, Berlin, Germany",geocode:failed,low
