title,job_url_direct,company,company_industry,location,job_type,id,site,job_url,date_posted,is_remote,company_url_direct,lat,lon,_no_link_,lat_prev,lon_prev,location_refined,geo_source,geocode_confidence
"Senior Data Scientist (Consumer, Global Search)",https://jobs.smartrecruiters.com/DeliveryHero/744000089029185-senior-data-scientist-consumer-global-search-,Delivery Hero,Internet And Software,"Berlin, BE, DE",fulltime,in-fb61a57ce01e7941,indeed,https://de.indeed.com/viewjob?jk=fb61a57ce01e7941,2025-10-21,False,https://bit.ly/3bYJHPP,52.5200000000,13.4050000000,,52.5200000000,13.4050000000,"Berlin, BE, DE, Berlin, Germany",geocode:failed,low
Werkstudent (w/m/d) Data Analyst in der Grobplanung,https://jobs.siemens-energy.com/Jobs/FolderDetail?folderId=283517,Siemens Energy,,"Berlin, BE, DE",parttime,in-399a2fa57ce9a458,indeed,https://de.indeed.com/viewjob?jk=399a2fa57ce9a458,2025-10-21,False,https://www.siemens-energy.com/,52.5200000000,13.4050000000,,52.5200000000,13.4050000000,"Berlin, BE, DE, Berlin, Germany",geocode:failed,low
(Senior) Frontend Engineer (d/f/m),https://marketplaces.wd3.myworkdayjobs.com/en-US/External_Careers/job/Berlin/XMLNAME--Senior--Frontend-Engineer--d-f-m-_JR009936-1,Adevinta,,"Berlin, BE, DE",fulltime,in-0e53b4d2bd9b618b,indeed,https://de.indeed.com/viewjob?jk=0e53b4d2bd9b618b,2025-10-21,True,https://www.adevinta.com/,52.5200000000,13.4050000000,,52.5200000000,13.4050000000,"Berlin, BE, DE, Berlin, Germany",geocode:failed,low
Senior Data & AI Consultant (f/m/d),https://jobs.eon.com/en/job/Senior-Data-%26-AI-Consultant--f-m-d-?id=236705&utm_source=Indeed&utm_medium=jobboard,E.ON,,"Berlin, BE, DE",fulltime,in-1979fa1c7b038a67,indeed,https://de.indeed.com/viewjob?jk=1979fa1c7b038a67,2025-10-21,False,http://www.eon-career.com,52.5200000000,13.4050000000,,52.5200000000,13.4050000000,"Berlin, BE, DE, Berlin, Germany",geocode:failed,low
"Analytics Lead, Operations",https://www.sumup.com/careers/positions//berlin-germany/data-analytics/analytics-lead-operations/7621291002/?vcc_viewport=desktop&vcc_geo_country=US&vcc_ab_experiments=_website__careers_pages%3Aon%2628006100487%3A27963130817%26default-rollout-173770-18396730089%3Aon%26first-test%3Avariation_2%26everyone%3Aon%26default-rollout-301027-18396730089%3Aon%26default-rollout-345066-18396730089%3Aon%26header_test__only_text__deploytd1_deploytd1%3Atexto_original%26_cl___website__compra_o_arrienda_cta_header%3Awithout_cta&vcc_feature_toggles=_website__navigation_revamp%257C_website__wb_replacement_page_endpoint_careers%257C_website__computed_price%257CU27HjKLUQTyTE3n5Qd8MkW%257C_website__wb_replacement_page_endpoint_manuals%257C_website__prc_coupons%257Ccl_ley_de_transferencias_tracking%257C_cl__homepage_new_ver_test%257C_cl___website__compra_o_arrienda_cta_header&slug=positions,SumUp,,"Berlin, BE, DE",,in-a7b555a28cd751ae,indeed,https://de.indeed.com/viewjob?jk=a7b555a28cd751ae,2025-10-20,False,https://www.sumup.com/careers/,52.5200000000,13.4050000000,,52.5200000000,13.4050000000,"Berlin, BE, DE, Berlin, Germany",geocode:failed,low
Backend Engineer (Lending),https://www.sumup.com/careers/positions//berlin-germany/engineering/backend-engineer-lending/8112137002/?vcc_viewport=desktop&vcc_geo_country=US&vcc_ab_experiments=_website__careers_pages%3Aon%2628006100487%3A27963130817%26default-rollout-173770-18396730089%3Aon%26first-test%3Avariation_2%26everyone%3Aon%26default-rollout-301027-18396730089%3Aon%26default-rollout-345066-18396730089%3Aon%26header_test__only_text__deploytd1_deploytd1%3Atexto_original%26_cl___website__compra_o_arrienda_cta_header%3Awithout_cta&vcc_feature_toggles=_website__navigation_revamp%257C_website__wb_replacement_page_endpoint_careers%257C_website__computed_price%257CU27HjKLUQTyTE3n5Qd8MkW%257C_website__wb_replacement_page_endpoint_manuals%257C_website__prc_coupons%257Ccl_ley_de_transferencias_tracking%257C_cl__homepage_new_ver_test%257C_cl___website__compra_o_arrienda_cta_header&slug=positions,SumUp,,"Berlin, BE, DE",,in-e2855a15ce0a99cd,indeed,https://de.indeed.com/viewjob?jk=e2855a15ce0a99cd,2025-10-20,False,https://www.sumup.com/careers/,52.5200000000,13.4050000000,,52.5200000000,13.4050000000,"Berlin, BE, DE, Berlin, Germany",geocode:failed,low
Fleet Performance Analyst,https://grnh.se/2g4xzwg61us,wolt,Transport And Freight,"Berlin, BE, DE",,in-1013a7a176edf9df,indeed,https://de.indeed.com/viewjob?jk=1013a7a176edf9df,2025-10-20,False,https://www.wolt.com,52.5200000000,13.4050000000,,52.5200000000,13.4050000000,"Berlin, BE, DE, Berlin, Germany",geocode:failed,low
Product Analyst (m/f/d),https://app.screenloop.com/careers/formelskin/job_posts/5174?tab=overview,FORMEL Skin,,"Berlin, BE, DE",fulltime,in-74c52446e5d2b7a3,indeed,https://de.indeed.com/viewjob?jk=74c52446e5d2b7a3,2025-10-20,True,,52.5200000000,13.4050000000,,52.5200000000,13.4050000000,"Berlin, BE, DE, Berlin, Germany",geocode:failed,low
Head of Data,https://jobs.ashbyhq.com/n8n/0c78f102-f55d-449a-b202-05ca0a606cd9?utm_source=3ZqYBLJ41R,n8n,,"Berlin, BE, DE",fulltime,in-afcce0beec59b20d,indeed,https://de.indeed.com/viewjob?jk=afcce0beec59b20d,2025-10-17,True,,52.5200000000,13.4050000000,,52.5200000000,13.4050000000,"Berlin, BE, DE, Berlin, Germany",geocode:failed,low
Senior Data Analyst (m/f/d),https://t.gohiring.com/h/580662e2f3992e21bcb197696ba0f3231c549a0ce6f3fdb35a975e422c4b072a?source=Indeed,7NXT,,"Berlin-Kreuzberg, BE, DE",fulltime,in-168d7bbc312b587a,indeed,https://de.indeed.com/viewjob?jk=168d7bbc312b587a,2025-10-17,True,,52.4880037000,13.4089223000,,52.4980000000,13.4030000000,"Berlin-Kreuzberg, BE, DE, Berlin, Germany",geocode:nominatim,medium
Duales Studium – Bachelor of Science Informatik / Data Science,https://kbv.hr4you.org/job/view/1535,Kassenärztliche Bundesvereinigung KdöR,,"Berlin, BE, DE",,in-cf73ea3119965441,indeed,https://de.indeed.com/viewjob?jk=cf73ea3119965441,2025-10-17,False,,52.5200000000,13.4050000000,,52.5200000000,13.4050000000,"Berlin, BE, DE, Berlin, Germany",geocode:failed,low
Senior/Staff Data Analyst - People Analytics,https://jobs.smartrecruiters.com/DeliveryHero/744000088496194-senior-staff-data-analyst-people-analytics,Delivery Hero,Internet And Software,"Berlin, BE, DE",fulltime,in-70beeb4f032e02d4,indeed,https://de.indeed.com/viewjob?jk=70beeb4f032e02d4,2025-10-17,False,https://bit.ly/3bYJHPP,52.5200000000,13.4050000000,,52.5200000000,13.4050000000,"Berlin, BE, DE, Berlin, Germany",geocode:failed,low
"Data Scientist (Consumer, Global Search)",https://jobs.smartrecruiters.com/DeliveryHero/744000088491714-data-scientist-consumer-global-search-,Delivery Hero,Internet And Software,"Berlin, BE, DE",fulltime,in-d49556993705961d,indeed,https://de.indeed.com/viewjob?jk=d49556993705961d,2025-10-17,False,https://bit.ly/3bYJHPP,52.5200000000,13.4050000000,,52.5200000000,13.4050000000,"Berlin, BE, DE, Berlin, Germany",geocode:failed,low
Data Architect (f/m/d),https://join.com/companies/havau/15040839-data-architect-f-m-d?pid=a13795120131dbe48464,hallo theo,,"Berlin, BE, DE",,in-9e78d48aa6969204,indeed,https://de.indeed.com/viewjob?jk=9e78d48aa6969204,2025-10-16,False,,52.5200000000,13.4050000000,,52.5200000000,13.4050000000,"Berlin, BE, DE, Berlin, Germany",geocode:failed,low
"Data Analyst, AWS Fraud Prevention",https://www.amazon.jobs/jobs/3110410/data-analyst-aws-fraud-prevention?cmpid=DA_INAD200785B,Amazon Web Services,,"Berlin, BE, DE",fulltime,in-6cfd81be77a95b2c,indeed,https://de.indeed.com/viewjob?jk=6cfd81be77a95b2c,2025-10-16,False,https://aws.amazon.com/careers/why-aws/,52.5200000000,13.4050000000,,52.5200000000,13.4050000000,"Berlin, BE, DE, Berlin, Germany",geocode:failed,low
"Business Analyst, AWS Fraud Prevention, Compromise",https://www.amazon.jobs/jobs/3110373/business-analyst-aws-fraud-prevention-compromise?cmpid=DA_INAD200785B,Amazon Web Services,,"Berlin, BE, DE",fulltime,in-0d5e728008c09c53,indeed,https://de.indeed.com/viewjob?jk=0d5e728008c09c53,2025-10-16,False,https://aws.amazon.com/careers/why-aws/,52.5200000000,13.4050000000,,52.5200000000,13.4050000000,"Berlin, BE, DE, Berlin, Germany",geocode:failed,low
VP/ Director of Finance (f/m/d),https://jobs.ashbyhq.com/upvest/83a54069-a5ba-4c26-a084-5683b1e01be1?utm_source=O3qYbowvb0,Upvest,Banks And Financial Services,"Berlin, BE, DE",fulltime,in-cfb14b7762e87b9e,indeed,https://de.indeed.com/viewjob?jk=cfb14b7762e87b9e,2025-10-16,True,https://upvest.co/,52.5200000000,13.4050000000,,52.5200000000,13.4050000000,"Berlin, BE, DE, Berlin, Germany",geocode:failed,low
Consultant - Risk & Resilience,https://www.mckinsey.com/careers/search-jobs/jobs/consultant-riskresilience-102040,McKinsey & Company,,"Berlin, BE, DE",,in-9e6990d4d9cfd0c5,indeed,https://de.indeed.com/viewjob?jk=9e6990d4d9cfd0c5,2025-10-16,False,,52.5200000000,13.4050000000,,52.5200000000,13.4050000000,"Berlin, BE, DE, Berlin, Germany",geocode:failed,low
(Junior) Business Process Manager:in (w/m/d),https://jobs.smartrecruiters.com/EnpalBV/744000088284971--junior-business-process-manager-in-w-m-d-,Enpal GmbH,,"Berlin, BE, DE",fulltime,in-c111e54c8c9c6bc8,indeed,https://de.indeed.com/viewjob?jk=c111e54c8c9c6bc8,2025-10-16,False,https://www.enpal.de/,52.5200000000,13.4050000000,,52.5200000000,13.4050000000,"Berlin, BE, DE, Berlin, Germany",geocode:failed,low
Business Process Manager:in (w/m/d),https://jobs.smartrecruiters.com/EnpalBV/744000088285024-business-process-manager-in-w-m-d-,Enpal GmbH,,"Berlin, BE, DE",fulltime,in-79367037a2cab5e6,indeed,https://de.indeed.com/viewjob?jk=79367037a2cab5e6,2025-10-16,False,https://www.enpal.de/,52.5200000000,13.4050000000,,52.5200000000,13.4050000000,"Berlin, BE, DE, Berlin, Germany",geocode:failed,low
Data Science Analyst (all genders),https://www.accenture.com/de-de/careers/jobdetails?id=R00291821_de&title=Data%20Science%20Analyst%20(all%20genders),Accenture,,"Berlin, BE, DE",fulltime,in-fd95cbd5b71b7221,indeed,https://de.indeed.com/viewjob?jk=fd95cbd5b71b7221,2025-10-15,True,https://www.accenture.com,52.5200000000,13.4050000000,,52.5200000000,13.4050000000,"Berlin, BE, DE, Berlin, Germany",geocode:failed,low
Senior Controller / Data Analyst (w/m/d),https://www.vsb.energy/de/de/karriere/stellenangebote/Senior-Controller-Data-Analyst-wmd-de-j926.html,VSB Gruppe,,"Berlin, BE, DE",,in-6e739b5ef69b68fc,indeed,https://de.indeed.com/viewjob?jk=6e739b5ef69b68fc,2025-10-15,False,https://www.vsb.energy/,52.5200000000,13.4050000000,,52.5200000000,13.4050000000,"Berlin, BE, DE, Berlin, Germany",geocode:failed,low
Senior Product Analyst,https://jobs.lever.co/xsolla/8f786cd2-89a5-4b2a-a7b9-f9aec8b4a412?lever-source=Indeed,Xsolla,,"Berlin, BE, DE",fulltime,in-0392d95244de8079,indeed,https://de.indeed.com/viewjob?jk=0392d95244de8079,2025-10-15,True,https://xsolla.com/,52.5200000000,13.4050000000,,52.5200000000,13.4050000000,"Berlin, BE, DE, Berlin, Germany",geocode:failed,low
CRM Analyst,http://de.indeed.com/job/crm-analyst-b8ef7df4938e12fe,GetAway Group,,"Berlin, BE, DE",fulltime,in-b8ef7df4938e12fe,indeed,https://de.indeed.com/viewjob?jk=b8ef7df4938e12fe,2025-10-15,True,http://www.getaway.group,52.5200000000,13.4050000000,,52.5200000000,13.4050000000,"Berlin, BE, DE, Berlin, Germany",geocode:failed,low
Senior Product Manager - Travel,https://jobs.ashbyhq.com/kayak/2cea6e6b-1a6c-44a4-bdf3-76cb28cd487a?utm_source=AB9aX3yJ19,KAYAK,,"Berlin, BE, DE",fulltime,in-dfdb5f37033e9b19,indeed,https://de.indeed.com/viewjob?jk=dfdb5f37033e9b19,2025-10-14,False,https://www.kayak.com,52.5200000000,13.4050000000,,52.5200000000,13.4050000000,"Berlin, BE, DE, Berlin, Germany",geocode:failed,low
Senior Data Analyst,https://jobs.ashbyhq.com/yepoda/86b8a591-f5d7-4130-b387-219efede67c7?utm_source=Eroxjv8Y9r,Yepoda,,"Berlin, BE, DE",fulltime,in-5237259badc180be,indeed,https://de.indeed.com/viewjob?jk=5237259badc180be,2025-10-14,False,,52.5200000000,13.4050000000,,52.5200000000,13.4050000000,"Berlin, BE, DE, Berlin, Germany",geocode:failed,low
"Senior Machine Learning Engineer, Search",https://grnh.se/bolv8lnv2us,Soundcloud,,"Berlin, BE, DE",,in-9153b853931f9359,indeed,https://de.indeed.com/viewjob?jk=9153b853931f9359,2025-10-14,True,https://www.soundcloud.com,52.5200000000,13.4050000000,,52.5200000000,13.4050000000,"Berlin, BE, DE, Berlin, Germany",geocode:failed,low
Finance Analyst Intern,https://jobs.lever.co/nelly/3dece1e5-efc6-4a71-bc97-f6ca4c0c3c61?lever-source=Indeed,Nelly Solutions,,"Berlin, BE, DE",fulltime,in-f5074682476fa99c,indeed,https://de.indeed.com/viewjob?jk=f5074682476fa99c,2025-10-14,False,,52.5200000000,13.4050000000,,52.5200000000,13.4050000000,"Berlin, BE, DE, Berlin, Germany",geocode:failed,low
Praktikum – Corporate Governance Executive Compensation Analyst EMEA (m/w/d) (Deutschsprachig),https://issgovernance.wd1.myworkdayjobs.com/en-US/ISScareers/job/Berlin-Germany/Praktikum---Corporate-Governance-Executive-Compensation-Analyst-EMEA--m-w-d---Deutschsprachig-_JR_9243,Institutional Shareholder Services,,"Berlin, BE, DE",fulltime,in-f45eadb64064ad06,indeed,https://de.indeed.com/viewjob?jk=f45eadb64064ad06,2025-10-14,False,https://www.issgovernance.com,52.5200000000,13.4050000000,,52.5200000000,13.4050000000,"Berlin, BE, DE, Berlin, Germany",geocode:failed,low
"Data & Analytics Lead (SaaS GTM, Tableau & BI Strategy) (m/f/d)",,Shiftmove,,"Berlin, Berlin, Germany",,li-4312081957,linkedin,https://www.linkedin.com/jobs/view/4312081957,2025-10-20,False,,52.5200000000,13.4050000000,,52.5200000000,13.4050000000,"Berlin, Berlin, Germany, Berlin, Germany",geocode:failed,low
Intern Venture Development (d/m/w),,Enpal,,"Berlin, Berlin, Germany",,li-4260121602,linkedin,https://www.linkedin.com/jobs/view/4260121602,2025-10-20,False,,52.5200000000,13.4050000000,,52.5200000000,13.4050000000,"Berlin, Berlin, Germany, Berlin, Germany",geocode:failed,low
"Marketplace Operations Analyst (m/w/d) @ Uber Eats, Berlin",,worknow for Uber,,"Berlin, Germany",,li-4314374219,linkedin,https://www.linkedin.com/jobs/view/4314374219,2025-10-20,False,,52.5200000000,13.4050000000,,52.5200000000,13.4050000000,"Berlin, Germany, Berlin, Germany",geocode:failed,low
Staff Product Analyst - Consumer Product,,Delivery Hero,,"Berlin, Berlin, Germany",,li-4272012222,linkedin,https://www.linkedin.com/jobs/view/4272012222,2025-10-19,False,,52.5200000000,13.4050000000,,52.5200000000,13.4050000000,"Berlin, Berlin, Germany, Berlin, Germany",geocode:failed,low
Staff Product Analyst - (Logistics),,Delivery Hero,,"Berlin, Berlin, Germany",,li-4272088142,linkedin,https://www.linkedin.com/jobs/view/4272088142,2025-10-19,False,,52.5200000000,13.4050000000,,52.5200000000,13.4050000000,"Berlin, Berlin, Germany, Berlin, Germany",geocode:failed,low
"Junior ESG Data and Reporting Analyst, Operations (m/f/x)",,HelloFresh,,"Berlin, Berlin, Germany",,li-4305780059,linkedin,https://www.linkedin.com/jobs/view/4305780059,2025-10-18,False,,52.5200000000,13.4050000000,,52.5200000000,13.4050000000,"Berlin, Berlin, Germany, Berlin, Germany",geocode:failed,low
Data Analyst (m/w/d),,FUNKE,,"Berlin, Berlin, Germany",,li-4299426242,linkedin,https://www.linkedin.com/jobs/view/4299426242,2025-10-17,False,,52.5200000000,13.4050000000,,52.5200000000,13.4050000000,"Berlin, Berlin, Germany, Berlin, Germany",geocode:failed,low
Product Data Analyst,,Freenow,,"Berlin, Berlin, Germany",,li-4274303592,linkedin,https://www.linkedin.com/jobs/view/4274303592,2025-10-17,False,,52.5200000000,13.4050000000,,52.5200000000,13.4050000000,"Berlin, Berlin, Germany, Berlin, Germany",geocode:failed,low
Data Analyst (m/f/d),,Getsafe,,"Berlin, Germany",,li-4316311308,linkedin,https://www.linkedin.com/jobs/view/4316311308,2025-10-17,False,,52.5200000000,13.4050000000,,52.5200000000,13.4050000000,"Berlin, Germany, Berlin, Germany",geocode:failed,low
"Data Analyst, AWS Fraud Prevention",,Amazon Web Services (AWS),,"Berlin, Germany",,li-4316036525,linkedin,https://www.linkedin.com/jobs/view/4316036525,2025-10-17,False,,52.5200000000,13.4050000000,,52.5200000000,13.4050000000,"Berlin, Germany, Berlin, Germany",geocode:failed,low
Senior Data Analyst - Size & Fit (all genders),,Zalando,,"Berlin, Berlin, Germany",,li-4284413051,linkedin,https://www.linkedin.com/jobs/view/4284413051,2025-10-17,False,,52.5200000000,13.4050000000,,52.5200000000,13.4050000000,"Berlin, Berlin, Germany, Berlin, Germany",geocode:failed,low
Data Engineer (m|w|d),,idealo internet GmbH,,"Berlin, Berlin, Germany",,li-4292173562,linkedin,https://www.linkedin.com/jobs/view/4292173562,2025-10-17,False,,52.5200000000,13.4050000000,,52.5200000000,13.4050000000,"Berlin, Berlin, Germany, Berlin, Germany",geocode:failed,low
Data / Business Analyst (m/w/d) – KPI- / Qualitätsmanagement,,Sparkassen Rating und Risikosysteme,,"Berlin, Berlin, Germany",,li-4315553964,linkedin,https://www.linkedin.com/jobs/view/4315553964,2025-10-17,False,,52.5200000000,13.4050000000,,52.5200000000,13.4050000000,"Berlin, Berlin, Germany, Berlin, Germany",geocode:failed,low
Dateneingeber/in (m/w/d) in Sterbfritz gesucht!,,SOLUA GmbH,,"Berlin, Berlin, Germany",,li-4316524205,linkedin,https://www.linkedin.com/jobs/view/4316524205,2025-10-17,False,,52.5200000000,13.4050000000,,52.5200000000,13.4050000000,"Berlin, Berlin, Germany, Berlin, Germany",geocode:failed,low
Dispatching Intelligence Analyst (m/f/d),,Flink,,"Berlin, Berlin, Germany",,li-4315212636,linkedin,https://www.linkedin.com/jobs/view/4315212636,2025-10-16,False,,52.5200000000,13.4050000000,,52.5200000000,13.4050000000,"Berlin, Berlin, Germany, Berlin, Germany",geocode:failed,low
Game Data Analyst,,New Moon Production,,,,li-4313046163,linkedin,https://www.linkedin.com/jobs/view/4313046163,2025-10-16,False,,51.1638175000,10.4478313000,,52.5200000000,13.4050000000,"Berlin, Germany",geocode:nominatim,medium
Decision Scientist (m/f/d),,Flink,,"Berlin, Berlin, Germany",,li-4315210656,linkedin,https://www.linkedin.com/jobs/view/4315210656,2025-10-16,False,,52.5200000000,13.4050000000,,52.5200000000,13.4050000000,"Berlin, Berlin, Germany, Berlin, Germany",geocode:failed,low
Data Scientist (Student / Working Student) – Cloover ⚡,,Cloover,,"Berlin, Berlin, Germany",,li-4312283668,linkedin,https://www.linkedin.com/jobs/view/4312283668,2025-10-15,False,,52.5200000000,13.4050000000,,52.5200000000,13.4050000000,"Berlin, Berlin, Germany, Berlin, Germany",geocode:failed,low
Trainee (m/w/d) – Risikomanagement | Data Science,,Sparkassen Rating und Risikosysteme,,"Berlin, Berlin, Germany",,li-4312414112,linkedin,https://www.linkedin.com/jobs/view/4312414112,2025-10-15,False,,52.5200000000,13.4050000000,,52.5200000000,13.4050000000,"Berlin, Berlin, Germany, Berlin, Germany",geocode:failed,low
"Data Analytics Lead, Consumer Pricing",,Wolt,,"Berlin, Berlin, Germany",,li-4314771691,linkedin,https://www.linkedin.com/jobs/view/4314771691,2025-10-15,False,,52.5200000000,13.4050000000,,52.5200000000,13.4050000000,"Berlin, Berlin, Germany, Berlin, Germany",geocode:failed,low
Initiative Application,,Flip,,"Berlin, Germany",,li-4082229620,linkedin,https://www.linkedin.com/jobs/view/4082229620,2025-10-15,False,,52.5200000000,13.4050000000,,52.5200000000,13.4050000000,"Berlin, Germany, Berlin, Germany",geocode:failed,low
Dateneingeber/in (m/w/d),,SOLUA GmbH,,"Berlin, Berlin, Germany",,li-4315394197,linkedin,https://www.linkedin.com/jobs/view/4315394197,2025-10-15,False,,52.5200000000,13.4050000000,,52.5200000000,13.4050000000,"Berlin, Berlin, Germany, Berlin, Germany",geocode:failed,low
Senior Data Analyst (f/m/d),,think-cell Software,,"Berlin, Berlin, Germany",,li-4314279861,linkedin,https://www.linkedin.com/jobs/view/4314279861,2025-10-14,False,,52.5200000000,13.4050000000,,52.5200000000,13.4050000000,"Berlin, Berlin, Germany, Berlin, Germany",geocode:failed,low
Working student (f/m/d) - Digital Analytics,,SAP,,"Berlin, Berlin, Germany",,li-4314291633,linkedin,https://www.linkedin.com/jobs/view/4314291633,2025-10-14,False,,52.5200000000,13.4050000000,,52.5200000000,13.4050000000,"Berlin, Berlin, Germany, Berlin, Germany",geocode:failed,low
Fleet Performance Analyst,,Wolt,,"Berlin, Berlin, Germany",,li-4316613262,linkedin,https://www.linkedin.com/jobs/view/4316613262,,False,,52.5200000000,13.4050000000,,52.5200000000,13.4050000000,"Berlin, Berlin, Germany, Berlin, Germany",geocode:failed,low
Digital Analyst E-Commerce,,Instaffo,,"Berlin, Berlin, Germany",,li-4264100098,linkedin,https://www.linkedin.com/jobs/view/4264100098,,False,,52.5200000000,13.4050000000,,52.5200000000,13.4050000000,"Berlin, Berlin, Germany, Berlin, Germany",geocode:failed,low
Data Analyst (w/m/d) in der Gruppe „Geschäftsstelle für den Sachverständigenrat zur Begutachtung der gesamtwirtschaftlichen Entwicklung“,,Statistisches Bundesamt (Destatis),,"Berlin, Berlin, Germany",,li-4314976024,linkedin,https://www.linkedin.com/jobs/view/4314976024,,False,,52.5200000000,13.4050000000,,52.5200000000,13.4050000000,"Berlin, Berlin, Germany, Berlin, Germany",geocode:failed,low
Senior Data Scientist - Quick Commerce,,Delivery Hero,,"Berlin, Berlin, Germany",,li-4306618710,linkedin,https://www.linkedin.com/jobs/view/4306618710,,False,,52.5200000000,13.4050000000,,52.5200000000,13.4050000000,"Berlin, Berlin, Germany, Berlin, Germany",geocode:failed,low
(Senior) Fullstack Software Engineer (Java/Kotlin/Python/JavaScript) (m/f/x) (onsite / remote in Germany),https://jobs.smartrecruiters.com/ScalableGmbH/744000089003369--senior-fullstack-software-engineer-java-kotlin-python-javascript-m-f-x-onsite-remote-in-germany-,Scalable,,"Berlin, BE, DE",fulltime,in-6d0a556146a0ce5d,indeed,https://de.indeed.com/viewjob?jk=6d0a556146a0ce5d,2025-10-21,True,https://scalablepress.com,52.5200000000,13.4050000000,,52.5200000000,13.4050000000,"Berlin, BE, DE, Berlin, Germany",geocode:failed,low
"Software Engineer, Platform",https://jobs.ashbyhq.com/AeroVect/b25487ea-a90d-4083-abe7-5f571c28f8c7?utm_source=Eop7pMkGOp,AeroVect,,"Berlin, BE, DE",fulltime,in-36a054551fbe5cf6,indeed,https://de.indeed.com/viewjob?jk=36a054551fbe5cf6,2025-10-20,True,,52.5200000000,13.4050000000,,52.5200000000,13.4050000000,"Berlin, BE, DE, Berlin, Germany",geocode:failed,low
DevOps Engineer - Database Infra Team in CloudOS Group in P&E SAP Signavio (m/f/d),https://jobs.sap.com/job/Berlin-DevOps-Engineer-Database-Infra-Team-in-CloudOS-Group-in-P&E-SAP-Signavio-%28mfd%29-10557/1260098001/?feedId=118200&utm_source=Indeed&utm_campaign=SAP_Indeed,SAP,Internet And Software,"Berlin, BE, DE",fulltime,in-ef61d167dd5c5ea4,indeed,https://de.indeed.com/viewjob?jk=ef61d167dd5c5ea4,2025-10-20,False,http://jobs.sap.com,52.5200000000,13.4050000000,,52.5200000000,13.4050000000,"Berlin, BE, DE, Berlin, Germany",geocode:failed,low
Senior Machine Learning Engineer I,https://www.sumup.com/careers/positions//berlin-germany/data-engineerscientist/senior-machine-learning-engineer-i/8128496002/?vcc_viewport=desktop&vcc_geo_country=US&vcc_ab_experiments=_website__careers_pages%3Aon%2628006100487%3A27963130817%26default-rollout-173770-18396730089%3Aon%26first-test%3Avariation_2%26everyone%3Aon%26default-rollout-301027-18396730089%3Aon%26default-rollout-345066-18396730089%3Aon%26header_test__only_text__deploytd1_deploytd1%3Atexto_original%26_cl___website__compra_o_arrienda_cta_header%3Awithout_cta&vcc_feature_toggles=_website__navigation_revamp%257C_website__wb_replacement_page_endpoint_careers%257C_website__computed_price%257CU27HjKLUQTyTE3n5Qd8MkW%257C_website__wb_replacement_page_endpoint_manuals%257C_website__prc_coupons%257Ccl_ley_de_transferencias_tracking%257C_cl__homepage_new_ver_test%257C_cl___website__compra_o_arrienda_cta_header&slug=positions,SumUp,,"Berlin, BE, DE",,in-6e11f6b50ec5bf7b,indeed,https://de.indeed.com/viewjob?jk=6e11f6b50ec5bf7b,2025-10-20,False,https://www.sumup.com/careers/,52.5200000000,13.4050000000,,52.5200000000,13.4050000000,"Berlin, BE, DE, Berlin, Germany",geocode:failed,low
DevOps Engineer Mobile Banking EU,https://jobs.smartrecruiters.com/Avaloq1/744000088842040-devops-engineer-mobile-banking-eu,Avaloq,,"Berlin, BE, DE",fulltime,in-913b3ebd2e974e3e,indeed,https://de.indeed.com/viewjob?jk=913b3ebd2e974e3e,2025-10-20,False,https://www.avaloq.com/en/home,52.5200000000,13.4050000000,,52.5200000000,13.4050000000,"Berlin, BE, DE, Berlin, Germany",geocode:failed,low
QA Automation Engineer,https://dhi.career.emply.com/ad/qa-automation-engineer/d4aob9/en,DHI Group,,"Berlin, BE, DE",fulltime,in-0254390aeed5dc29,indeed,https://de.indeed.com/viewjob?jk=0254390aeed5dc29,2025-10-20,False,https://www.dhigroup.com/contact-us,52.5200000000,13.4050000000,,52.5200000000,13.4050000000,"Berlin, BE, DE, Berlin, Germany",geocode:failed,low
Senior Developer (f/m/d) - SAP LeanIX,https://jobs.sap.com/job/Berlin-Senior-Developer-%28fmd%29-SAP-LeanIX-10557/1237952801/?feedId=118200&utm_source=Indeed&utm_campaign=SAP_Indeed,SAP,Internet And Software,"Berlin, BE, DE",fulltime,in-72a84cb0f2aa24b9,indeed,https://de.indeed.com/viewjob?jk=72a84cb0f2aa24b9,2025-10-18,True,http://jobs.sap.com,52.5200000000,13.4050000000,,52.5200000000,13.4050000000,"Berlin, BE, DE, Berlin, Germany",geocode:failed,low
Java Developer,https://codefirstgirls.bamboohr.com/careers/113?source=indeed&src=indeed&postedDate=2025-10-17,CODE FIRST GIRLS,,"Berlin, BE, DE",fulltime,in-b77e3dbc0ff40ba0,indeed,https://de.indeed.com/viewjob?jk=b77e3dbc0ff40ba0,2025-10-17,False,,52.5200000000,13.4050000000,,52.5200000000,13.4050000000,"Berlin, BE, DE, Berlin, Germany",geocode:failed,low
Mission Operations Segment - Software Engineer,https://constellr.recruitee.com/o/mission-operations-segment-software-engineer?source=Indeed,ConstellR,,"Berlin, BE, DE",fulltime,in-3dd823e5ca9cd126,indeed,https://de.indeed.com/viewjob?jk=3dd823e5ca9cd126,2025-10-17,True,,52.5200000000,13.4050000000,,52.5200000000,13.4050000000,"Berlin, BE, DE, Berlin, Germany",geocode:failed,low
Full-Stack Developer - Mission Operations Segment,https://constellr.recruitee.com/o/full-stack-developer-mission-operations-segment?source=Indeed,ConstellR,,"Berlin, BE, DE",fulltime,in-f862f1e5fdba8eb4,indeed,https://de.indeed.com/viewjob?jk=f862f1e5fdba8eb4,2025-10-17,True,,52.5200000000,13.4050000000,,52.5200000000,13.4050000000,"Berlin, BE, DE, Berlin, Germany",geocode:failed,low
Tools Developer - Hole.io,https://jobs.ashbyhq.com/voodoo/8269ba42-f4ea-4eae-acf5-b81e31c8add4?utm_source=nedy21l72a,Voodoo,,"Berlin, BE, DE",fulltime,in-1d18a3735a2ad24e,indeed,https://de.indeed.com/viewjob?jk=1d18a3735a2ad24e,2025-10-17,True,http://www.voodoo.io,52.5200000000,13.4050000000,,52.5200000000,13.4050000000,"Berlin, BE, DE, Berlin, Germany",geocode:failed,low
Backend Engineer (m/f/x),http://de.indeed.com/job/backend-engineer-mfx-f96740ad6076047e,VERBI Software GmbH,,"Berlin, BE, DE",fulltime,in-f96740ad6076047e,indeed,https://de.indeed.com/viewjob?jk=f96740ad6076047e,2025-10-17,True,https://www.maxqda.com/,52.5200000000,13.4050000000,,52.5200000000,13.4050000000,"Berlin, BE, DE, Berlin, Germany",geocode:failed,low
DevOps Engineer (f/m/d) - SAP Sovereign Cloud,https://jobs.sap.com/job/Berlin-DevOps-Engineer-%28fmd%29-SAP-Sovereign-Cloud-10557/1143784001/?feedId=118200&utm_source=Indeed&utm_campaign=SAP_Indeed,SAP,Internet And Software,"Berlin, BE, DE",fulltime,in-9341181575bfd75e,indeed,https://de.indeed.com/viewjob?jk=9341181575bfd75e,2025-10-16,False,http://jobs.sap.com,52.5200000000,13.4050000000,,52.5200000000,13.4050000000,"Berlin, BE, DE, Berlin, Germany",geocode:failed,low
Customer Reliability Engineer,https://t.gohiring.com/h/63a67b373b59d349078ec087c15519cdd65c7ee9b7f6d4e9ee4faabb4e9a0224?source=Indeed,deepset GmbH,,"Berlin, BE, DE",fulltime,in-fec99f9714761b4f,indeed,https://de.indeed.com/viewjob?jk=fec99f9714761b4f,2025-10-16,True,,52.5200000000,13.4050000000,,52.5200000000,13.4050000000,"Berlin, BE, DE, Berlin, Germany",geocode:failed,low
Staff Database Administrator,https://grnh.se/dp8mqnin1us,Wikimedia Foundation,,"Berlin, BE, DE",,in-f7bab2d18747fca1,indeed,https://de.indeed.com/viewjob?jk=f7bab2d18747fca1,2025-10-15,True,http://www.wikimediafoundation.org,52.5200000000,13.4050000000,,52.5200000000,13.4050000000,"Berlin, BE, DE, Berlin, Germany",geocode:failed,low
"Senior Software Entwickler (m/w/d) – PHP, Python, API’s, Pimcore",https://www.karriere.fichtner.de/stellenportal/senior-software-developer-php-python-apis-pimcore,Fichtner GmbH & Co. KG,,"Berlin, BE, DE",,in-ba02e439d19b7e63,indeed,https://de.indeed.com/viewjob?jk=ba02e439d19b7e63,2025-10-15,False,https://www.fichtner.de,52.5200000000,13.4050000000,,52.5200000000,13.4050000000,"Berlin, BE, DE, Berlin, Germany",geocode:failed,low
Senior Data Scientist (all genders) in Berlin,https://grnh.se/am64sykh4us,Ridedott,Auto,"Berlin, BE, DE",fulltime,in-af4ad6e4a84706d3,indeed,https://de.indeed.com/viewjob?jk=af4ad6e4a84706d3,2025-10-15,True,https://ridedott.com,52.5200000000,13.4050000000,,52.5200000000,13.4050000000,"Berlin, BE, DE, Berlin, Germany",geocode:failed,low
Cloud Support Associate (German & English speaking),https://www.amazon.jobs/jobs/3079442/cloud-support-associate-german--english-speaking?cmpid=DA_INAD200785B,Amazon Web Services,,"Berlin, BE, DE",fulltime,in-2e1ec31b2b977d70,indeed,https://de.indeed.com/viewjob?jk=2e1ec31b2b977d70,2025-09-10,False,https://aws.amazon.com/careers/why-aws/,52.5200000000,13.4050000000,,52.5200000000,13.4050000000,"Berlin, BE, DE, Berlin, Germany",geocode:failed,low
Senior Full‑Stack Engineer (m/f/d),,Axel Springer National Media & Tech GmbH & Co. KG,,"Berlin, Germany",,li-4259177976,linkedin,https://www.linkedin.com/jobs/view/4259177976,2025-10-20,False,,52.5200000000,13.4050000000,,52.5200000000,13.4050000000,"Berlin, Germany, Berlin, Germany",geocode:failed,low
Java Backend Engineer,,MODIFI,,"Berlin, Berlin, Germany",,li-4316477204,linkedin,https://www.linkedin.com/jobs/view/4316477204,2025-10-20,False,,52.5200000000,13.4050000000,,52.5200000000,13.4050000000,"Berlin, Berlin, Germany, Berlin, Germany",geocode:failed,low
Senior Software Engineer (Fullstack) (f/m/d) - Metrify Smart Metering,,Enpal,,"Berlin, Berlin, Germany",,li-4316477122,linkedin,https://www.linkedin.com/jobs/view/4316477122,2025-10-20,False,,52.5200000000,13.4050000000,,52.5200000000,13.4050000000,"Berlin, Berlin, Germany, Berlin, Germany",geocode:failed,low
Python Software Engineer (all) - Mid-level,,Sonia,,"Berlin, Berlin, Germany",,li-4314310478,linkedin,https://www.linkedin.com/jobs/view/4314310478,2025-10-19,False,,52.5200000000,13.4050000000,,52.5200000000,13.4050000000,"Berlin, Berlin, Germany, Berlin, Germany",geocode:failed,low
Backend Engineer – Python,,TechTree,,"Berlin, Berlin, Germany",,li-4296326120,linkedin,https://www.linkedin.com/jobs/view/4296326120,2025-10-19,False,,52.5200000000,13.4050000000,,52.5200000000,13.4050000000,"Berlin, Berlin, Germany, Berlin, Germany",geocode:failed,low
Part-Time Senior Full-Stack Engineer (Python/Django) (gn),,voiio,,"Berlin, Berlin, Germany",,li-4314336888,linkedin,https://www.linkedin.com/jobs/view/4314336888,2025-10-18,False,,52.5200000000,13.4050000000,,52.5200000000,13.4050000000,"Berlin, Berlin, Germany, Berlin, Germany",geocode:failed,low
Back End Developer,,Digital Waffle,,"Berlin, Germany",,li-4315583056,linkedin,https://www.linkedin.com/jobs/view/4315583056,2025-10-17,False,,52.5200000000,13.4050000000,,52.5200000000,13.4050000000,"Berlin, Germany, Berlin, Germany",geocode:failed,low
Fullstack Python Software Engineer,,Cavendish Professionals,,"Berlin, Germany",,li-4309541359,linkedin,https://www.linkedin.com/jobs/view/4309541359,2025-10-17,False,,52.5200000000,13.4050000000,,52.5200000000,13.4050000000,"Berlin, Germany, Berlin, Germany",geocode:failed,low
Python Entwickler (m/w/d),,GULP – experts united,,"Berlin, Berlin, Germany",,li-4316079194,linkedin,https://www.linkedin.com/jobs/view/4316079194,2025-10-17,False,,52.5200000000,13.4050000000,,52.5200000000,13.4050000000,"Berlin, Berlin, Germany, Berlin, Germany",geocode:failed,low
Full Stack Engineer,,Hawksman Technology,,"Berlin, Germany",,li-4313328933,linkedin,https://www.linkedin.com/jobs/view/4313328933,2025-10-17,False,,52.5200000000,13.4050000000,,52.5200000000,13.4050000000,"Berlin, Germany, Berlin, Germany",geocode:failed,low
Full Stack Engineer - Flutter/Python (m/f/d),,BlazeSQL,,"Berlin, Berlin, Germany",,li-4312485065,linkedin,https://www.linkedin.com/jobs/view/4312485065,2025-10-16,False,,52.5200000000,13.4050000000,,52.5200000000,13.4050000000,"Berlin, Berlin, Germany, Berlin, Germany",geocode:failed,low
Full Stack Engineer(m/f/x),,topi,,"Berlin, Germany",,li-4315809384,linkedin,https://www.linkedin.com/jobs/view/4315809384,2025-10-16,False,,52.5200000000,13.4050000000,,52.5200000000,13.4050000000,"Berlin, Germany, Berlin, Germany",geocode:failed,low
"Briink - Backend Engineer, AI/ML & Climate Tech (Mid to Senior)",,Merantix Capital,,"Berlin, Berlin, Germany",,li-4315680601,linkedin,https://www.linkedin.com/jobs/view/4315680601,2025-10-16,False,,52.5200000000,13.4050000000,,52.5200000000,13.4050000000,"Berlin, Berlin, Germany, Berlin, Germany",geocode:failed,low
"Briink - Backend Engineer, AI/ML & Climate Tech (Mid to Senior)",,Briink,,"Berlin, Berlin, Germany",,li-4313020654,linkedin,https://www.linkedin.com/jobs/view/4313020654,2025-10-16,False,,52.5200000000,13.4050000000,,52.5200000000,13.4050000000,"Berlin, Berlin, Germany, Berlin, Germany",geocode:failed,low
Junior Softwareentwickler KI & Automatisierung (m/w/d),,mgm technology partners,,"Berlin, Berlin, Germany",,li-4315081249,linkedin,https://www.linkedin.com/jobs/view/4315081249,2025-10-16,False,,52.5200000000,13.4050000000,,52.5200000000,13.4050000000,"Berlin, Berlin, Germany, Berlin, Germany",geocode:failed,low
Full Stack Engineer - AI Software Start-up,,Glorya GmbH,,"Berlin, Berlin, Germany",,li-4312250437,linkedin,https://www.linkedin.com/jobs/view/4312250437,2025-10-15,False,,52.5200000000,13.4050000000,,52.5200000000,13.4050000000,"Berlin, Berlin, Germany, Berlin, Germany",geocode:failed,low
Backend Developer (m/f/d),,Belden Inc.,,"Berlin, Germany",,li-4315148347,linkedin,https://www.linkedin.com/jobs/view/4315148347,2025-10-15,False,,52.5200000000,13.4050000000,,52.5200000000,13.4050000000,"Berlin, Germany, Berlin, Germany",geocode:failed,low
Senior Backend Engineer,,Bolt,,"Berlin, Berlin, Germany",,li-4279493104,linkedin,https://www.linkedin.com/jobs/view/4279493104,2025-10-15,False,,52.5200000000,13.4050000000,,52.5200000000,13.4050000000,"Berlin, Berlin, Germany, Berlin, Germany",geocode:failed,low
Founding Full-Stack Engineer (Python) (m/f/d),,Pinnipedia Technologies,,"Berlin, Berlin, Germany",,li-4314288572,linkedin,https://www.linkedin.com/jobs/view/4314288572,2025-10-14,False,,52.5200000000,13.4050000000,,52.5200000000,13.4050000000,"Berlin, Berlin, Germany, Berlin, Germany",geocode:failed,low
Backend Engineer,,Kleinanzeigen,,"Berlin, Berlin, Germany",,li-4314804855,linkedin,https://www.linkedin.com/jobs/view/4314804855,2025-10-14,False,,52.5200000000,13.4050000000,,52.5200000000,13.4050000000,"Berlin, Berlin, Germany, Berlin, Germany",geocode:failed,low
"Staff Engineer, Python - (Logistics, AI Autopilot)",,Delivery Hero,,"Berlin, Berlin, Germany",,li-4297844061,linkedin,https://www.linkedin.com/jobs/view/4297844061,,False,,52.5200000000,13.4050000000,,52.5200000000,13.4050000000,"Berlin, Berlin, Germany, Berlin, Germany",geocode:failed,low
Senior Software Developer (Python),,reeeliance,,"Berlin, Germany",,li-4214737441,linkedin,https://www.linkedin.com/jobs/view/4214737441,,False,,52.5200000000,13.4050000000,,52.5200000000,13.4050000000,"Berlin, Germany, Berlin, Germany",geocode:failed,low
Backend Engineer - Everyday Banking,,N26,,"Berlin, Berlin, Germany",,li-4292805065,linkedin,https://www.linkedin.com/jobs/view/4292805065,,False,,52.5200000000,13.4050000000,,52.5200000000,13.4050000000,"Berlin, Berlin, Germany, Berlin, Germany",geocode:failed,low
(Senior) Backend Developer (Python + Django) -,,Instaffo,,"Berlin, Berlin, Germany",,li-4308015859,linkedin,https://www.linkedin.com/jobs/view/4308015859,,False,,52.5200000000,13.4050000000,,52.5200000000,13.4050000000,"Berlin, Berlin, Germany, Berlin, Germany",geocode:failed,low
Full Stack Developer (f/m/d),,Enpal,,"Berlin, Berlin, Germany",,li-4314973140,linkedin,https://www.linkedin.com/jobs/view/4314973140,,False,,52.5200000000,13.4050000000,,52.5200000000,13.4050000000,"Berlin, Berlin, Germany, Berlin, Germany",geocode:failed,low
Web Developer (m/w/d),,Elithair,,"Berlin, Berlin, Germany",,li-4317327352,linkedin,https://www.linkedin.com/jobs/view/4317327352,,False,,52.5200000000,13.4050000000,,52.5200000000,13.4050000000,"Berlin, Berlin, Germany, Berlin, Germany",geocode:failed,low
Software Engineer (.NET Backend) (f/m/d),,Enpal,,"Berlin, Berlin, Germany",,li-4316625205,linkedin,https://www.linkedin.com/jobs/view/4316625205,,False,,52.5200000000,13.4050000000,,52.5200000000,13.4050000000,"Berlin, Berlin, Germany, Berlin, Germany",geocode:failed,low
Fullstack Software Engineer,,TechTree,,"Berlin, Berlin, Germany",,li-4308093999,linkedin,https://www.linkedin.com/jobs/view/4308093999,,False,,52.5200000000,13.4050000000,,52.5200000000,13.4050000000,"Berlin, Berlin, Germany, Berlin, Germany",geocode:failed,low
Development Manager / Business Analyst (m/w/d),http://de.indeed.com/job/development-manager-business-analyst-mwd-46e5e9ffe6821ca2,hedera gruppe GmbH,,"Berlin, BE, DE",fulltime,in-46e5e9ffe6821ca2,indeed,https://de.indeed.com/viewjob?jk=46e5e9ffe6821ca2,2025-10-21,True,,52.5200000000,13.4050000000,,52.5200000000,13.4050000000,"Berlin, BE, DE, Berlin, Germany",geocode:failed,low
Strategy & Operations Analyst (m/f/d),https://stark.jobs.personio.com/job/2395291?language=en,Stark Systems,,"Berlin, BE, DE",fulltime,in-66e0348345c6fcfd,indeed,https://de.indeed.com/viewjob?jk=66e0348345c6fcfd,2025-10-20,False,,52.5200000000,13.4050000000,,52.5200000000,13.4050000000,"Berlin, BE, DE, Berlin, Germany",geocode:failed,low
Team Head & Business Analyst Mobile Banking EU,https://jobs.smartrecruiters.com/Avaloq1/744000088856564-team-head-business-analyst-mobile-banking-eu,Avaloq,,"Berlin, BE, DE",fulltime,in-3e52fac5ac1b114a,indeed,https://de.indeed.com/viewjob?jk=3e52fac5ac1b114a,2025-10-20,False,https://www.avaloq.com/en/home,52.5200000000,13.4050000000,,52.5200000000,13.4050000000,"Berlin, BE, DE, Berlin, Germany",geocode:failed,low
Frontend-Entwickler (m/w/d),https://join.com/companies/positivethinkingcompanytech/15059387-frontend-entwickler-m-w-d?pid=a13795120131dbe48464,Collaboration Betters the World,,"Berlin, BE, DE",,in-9ccd0b5235410871,indeed,https://de.indeed.com/viewjob?jk=9ccd0b5235410871,2025-10-20,True,,52.5200000000,13.4050000000,,52.5200000000,13.4050000000,"Berlin, BE, DE, Berlin, Germany",geocode:failed,low
Business Analyst Production Support - Wealth & Front,https://jobs.smartrecruiters.com/Avaloq1/744000088838407-business-analyst-production-support-wealth-front,Avaloq,,"Berlin, BE, DE",fulltime,in-fc0b8129fff22fa9,indeed,https://de.indeed.com/viewjob?jk=fc0b8129fff22fa9,2025-10-20,False,https://www.avaloq.com/en/home,52.5200000000,13.4050000000,,52.5200000000,13.4050000000,"Berlin, BE, DE, Berlin, Germany",geocode:failed,low
(Senior) Financial Analyst (m/w/d),https://jobs.smartrecruiters.com/enertrag/744000087915405--(senior)-financial-analyst-(m/w/d)-,ENERTRAG SE,,"Berlin, BE, DE",fulltime,in-63bd3dfda89dcf60,indeed,https://de.indeed.com/viewjob?jk=63bd3dfda89dcf60,2025-10-15,True,https://enertrag.com,52.5200000000,13.4050000000,,52.5200000000,13.4050000000,"Berlin, BE, DE, Berlin, Germany",geocode:failed,low
Internal Control Manager,https://grnh.se/iv91hd7f1us,GetYourGuide,Restaurants Travel And Leisure,"Berlin, BE, DE",fulltime,in-9be4f134696efae8,indeed,https://de.indeed.com/viewjob?jk=9be4f134696efae8,2025-10-14,True,http://www.getyourguide.com/,52.5200000000,13.4050000000,,52.5200000000,13.4050000000,"Berlin, BE, DE, Berlin, Germany",geocode:failed,low
"Manager, Product Management",https://careers-hyland.icims.com/jobs/12853/job?utm_source=indeed_integration&iis=Job%20Board&iisn=Indeed&indeed-apply-token=73a2d2b2a8d6d5c0a62696875eaebd669103652d3f0c2cd5445d3e66b1592b0f,Hyland,Internet And Software,"Berlin, BE, DE",fulltime,in-74b84cff7e4df657,indeed,https://de.indeed.com/viewjob?jk=74b84cff7e4df657,2025-09-11,True,https://www.hyland.com,52.5200000000,13.4050000000,,52.5200000000,13.4050000000,"Berlin, BE, DE, Berlin, Germany",geocode:failed,low
Duales Studium Gesundheitsmanagement (B.A.) am Campus oder virtuell,,IU International University of Applied Sciences,,"Berlin, Berlin, Germany",,li-4168366044,linkedin,https://www.linkedin.com/jobs/view/4168366044,2025-10-20,False,,52.5200000000,13.4050000000,,52.5200000000,13.4050000000,"Berlin, Berlin, Germany, Berlin, Germany",geocode:failed,low
Analyst Strategy & Growth | CGO Office (w/m/d),,Enpal,,"Berlin, Berlin, Germany",,li-4247164413,linkedin,https://www.linkedin.com/jobs/view/4247164413,2025-10-19,False,,52.5200000000,13.4050000000,,52.5200000000,13.4050000000,"Berlin, Berlin, Germany, Berlin, Germany",geocode:failed,low
Duales Studium Betriebswirtschaftslehre (B.A) - Schwerpunkt Filiale (m/w/d),,SIXT,,"Berlin, Berlin, Germany",,li-4261742462,linkedin,https://www.linkedin.com/jobs/view/4261742462,2025-10-19,False,,52.5200000000,13.4050000000,,52.5200000000,13.4050000000,"Berlin, Berlin, Germany, Berlin, Germany",geocode:failed,low
(Senior) Business Process Analyst,,Lloyds Bank Deutschland,,"Berlin, Berlin, Germany",,li-4313320891,linkedin,https://www.linkedin.com/jobs/view/4313320891,2025-10-17,False,,52.5200000000,13.4050000000,,52.5200000000,13.4050000000,"Berlin, Berlin, Germany, Berlin, Germany",geocode:failed,low
"Senior Strategy Analyst, MENA & Europe (In-House Consulting)",,Delivery Hero,,"Berlin, Berlin, Germany",,li-4315569536,linkedin,https://www.linkedin.com/jobs/view/4315569536,2025-10-17,False,,52.5200000000,13.4050000000,,52.5200000000,13.4050000000,"Berlin, Berlin, Germany, Berlin, Germany",geocode:failed,low
"Business Analyst, AWS Fraud Prevention, Compromise",,Amazon Web Services (AWS),,"Berlin, Germany",,li-4316028770,linkedin,https://www.linkedin.com/jobs/view/4316028770,2025-10-17,False,,52.5200000000,13.4050000000,,52.5200000000,13.4050000000,"Berlin, Germany, Berlin, Germany",geocode:failed,low
Strategy & Business Analyst (d/m/w),,Amadeus Fire,,"Berlin, Berlin, Germany",,li-4316376680,linkedin,https://www.linkedin.com/jobs/view/4316376680,2025-10-17,False,,52.5200000000,13.4050000000,,52.5200000000,13.4050000000,"Berlin, Berlin, Germany, Berlin, Germany",geocode:failed,low
Business Analyst (w/m/d),,EY,,"Berlin, Berlin, Germany",,li-4315707612,linkedin,https://www.linkedin.com/jobs/view/4315707612,2025-10-17,False,,52.5200000000,13.4050000000,,52.5200000000,13.4050000000,"Berlin, Berlin, Germany, Berlin, Germany",geocode:failed,low
Consultant / Business Analyst - Digital Commerce / eCommerce (m/w/x),,Deloitte,,"Berlin, Berlin, Germany",,li-4303755234,linkedin,https://www.linkedin.com/jobs/view/4303755234,2025-10-17,False,,52.5200000000,13.4050000000,,52.5200000000,13.4050000000,"Berlin, Berlin, Germany, Berlin, Germany",geocode:failed,low
Business Analyst (m/w/d) EE Krankenhaus,,AOK Systems GmbH,,"Frankfurt an der Oder, Brandenburg, Germany",,li-4316308822,linkedin,https://www.linkedin.com/jobs/view/4316308822,2025-10-17,False,,52.5200000000,13.4050000000,,52.5200000000,13.4050000000,"Frankfurt an der Oder, Brandenburg, Germany, Berlin, Germany",geocode:failed,low
Senior Business Analyst (Maternity Cover),,Springer Nature,,"Berlin, Berlin, Germany",,li-4316331453,linkedin,https://www.linkedin.com/jobs/view/4316331453,2025-10-17,False,,52.5200000000,13.4050000000,,52.5200000000,13.4050000000,"Berlin, Berlin, Germany, Berlin, Germany",geocode:failed,low
Business Analyst Datenmigration (all genders),,adesso insurance solutions GmbH,,"Berlin, Berlin, Germany",,li-4294599115,linkedin,https://www.linkedin.com/jobs/view/4294599115,2025-10-17,False,,52.5200000000,13.4050000000,,52.5200000000,13.4050000000,"Berlin, Berlin, Germany, Berlin, Germany",geocode:failed,low
(Junior) Business Process Manager:in (w/m/d),,Enpal,,"Berlin, Berlin, Germany",,li-4315201617,linkedin,https://www.linkedin.com/jobs/view/4315201617,2025-10-16,False,,52.5200000000,13.4050000000,,52.5200000000,13.4050000000,"Berlin, Berlin, Germany, Berlin, Germany",geocode:failed,low
(Junior) Business Process Manager:in  (w/m/d),,Enpal,,"Berlin, Berlin, Germany",,li-4315842473,linkedin,https://www.linkedin.com/jobs/view/4315842473,2025-10-16,False,,52.5200000000,13.4050000000,,52.5200000000,13.4050000000,"Berlin, Berlin, Germany, Berlin, Germany",geocode:failed,low
Business Process Manager:in (w/m/d),,Enpal,,"Berlin, Berlin, Germany",,li-4315206447,linkedin,https://www.linkedin.com/jobs/view/4315206447,2025-10-16,False,,52.5200000000,13.4050000000,,52.5200000000,13.4050000000,"Berlin, Berlin, Germany, Berlin, Germany",geocode:failed,low
Senior Trading & Promotion Analyst (m/w/d),,Just Eat Takeaway.com,,"Berlin, Berlin, Germany",,li-4261126526,linkedin,https://www.linkedin.com/jobs/view/4261126526,2025-10-16,False,,52.5200000000,13.4050000000,,52.5200000000,13.4050000000,"Berlin, Berlin, Germany, Berlin, Germany",geocode:failed,low
Senior IT-Consultant / Business Analyst Versicherungen (all genders),,adesso SE,,"Berlin, Berlin, Germany",,li-4283511801,linkedin,https://www.linkedin.com/jobs/view/4283511801,2025-10-16,False,,52.5200000000,13.4050000000,,52.5200000000,13.4050000000,"Berlin, Berlin, Germany, Berlin, Germany",geocode:failed,low
"Fraud Investigation Analyst, AWS Fraud Prevention, Compromise",,Amazon Web Services (AWS),,"Berlin, Germany",,li-4304988344,linkedin,https://www.linkedin.com/jobs/view/4304988344,2025-10-15,False,,52.5200000000,13.4050000000,,52.5200000000,13.4050000000,"Berlin, Germany, Berlin, Germany",geocode:failed,low
Duales Studium Immobilienwirtschaft (B.A.) am Campus oder virtuell,,IU International University of Applied Sciences,,"Berlin, Berlin, Germany",,li-3802371435,linkedin,https://www.linkedin.com/jobs/view/3802371435,2025-10-15,False,,52.5200000000,13.4050000000,,52.5200000000,13.4050000000,"Berlin, Berlin, Germany, Berlin, Germany",geocode:failed,low
"AWS Fraud Analyst II, AWS Fraud Prevention",,Amazon Web Services (AWS),,"Berlin, Germany",,li-4304177582,linkedin,https://www.linkedin.com/jobs/view/4304177582,2025-10-14,False,,52.5200000000,13.4050000000,,52.5200000000,13.4050000000,"Berlin, Germany, Berlin, Germany",geocode:failed,low
Strategy & Operations Analyst (m/f/d),,STARK,,"Berlin, Berlin, Germany",,li-4317378289,linkedin,https://www.linkedin.com/jobs/view/4317378289,,False,,52.5200000000,13.4050000000,,52.5200000000,13.4050000000,"Berlin, Berlin, Germany, Berlin, Germany",geocode:failed,low
Senior Business Analyst Operations for People & Organisation (all genders),,Zalando,,"Berlin, Berlin, Germany",,li-4308026399,linkedin,https://www.linkedin.com/jobs/view/4308026399,,False,,52.5200000000,13.4050000000,,52.5200000000,13.4050000000,"Berlin, Berlin, Germany, Berlin, Germany",geocode:failed,low
Growth Strategy Analyst (Madrid based),,Fever,,"Berlin, Berlin, Germany",,li-4285533415,linkedin,https://www.linkedin.com/jobs/view/4285533415,,False,,52.5200000000,13.4050000000,,52.5200000000,13.4050000000,"Berlin, Berlin, Germany, Berlin, Germany",geocode:failed,low
Growth Strategy Senior Analyst (Madrid based),,Fever,,"Berlin, Berlin, Germany",,li-4285528619,linkedin,https://www.linkedin.com/jobs/view/4285528619,,False,,52.5200000000,13.4050000000,,52.5200000000,13.4050000000,"Berlin, Berlin, Germany, Berlin, Germany",geocode:failed,low
(Senior) Consultant Beratung Public Sector - Digitale Transformation (w/m/d),,EY,,"Berlin, Berlin, Germany",,li-4272747926,linkedin,https://www.linkedin.com/jobs/view/4272747926,,False,,52.5200000000,13.4050000000,,52.5200000000,13.4050000000,"Berlin, Berlin, Germany, Berlin, Germany",geocode:failed,low
Project Manager – Asset Management Operations (w/m/d),,Enpal,,"Berlin, Berlin, Germany",,li-4306623757,linkedin,https://www.linkedin.com/jobs/view/4306623757,,False,,52.5200000000,13.4050000000,,52.5200000000,13.4050000000,"Berlin, Berlin, Germany, Berlin, Germany",geocode:failed,low
"Manager Marketing Tech & Analytics (m/f/d), Part-Time 20h",,Sanoptis,,"Berlin, Berlin, Germany",,li-4259083680,linkedin,https://www.linkedin.com/jobs/view/4259083680,,False,,52.5200000000,13.4050000000,,52.5200000000,13.4050000000,"Berlin, Berlin, Germany, Berlin, Germany",geocode:failed,low
Senior Backend Engineer (TypeScript) [Prisma Postgres],https://ats.rippling.com/prisma-careers/jobs/d03e082e-5bb1-4295-8e81-64acf7b4408b?jobSite=Indeed,Prisma Data,,"Berlin, BE, DE",fulltime,in-0e0f6e8b2955bd8b,indeed,https://de.indeed.com/viewjob?jk=0e0f6e8b2955bd8b,2025-10-21,True,http://www.prisma.io,52.5200000000,13.4050000000,,52.5200000000,13.4050000000,"Berlin, BE, DE, Berlin, Germany",geocode:failed,low
Web Developer (m/w/d),https://karriere.medicalhaircompany.com/stellenangebote/Web-Developer-Berlin-Elithair--885339395?ref=9910111000&utm_medium=organic&utm_source=indeed,Medical Hair Company GmbH,Media News And Publishing,"Berlin, BE, DE",,in-0aca44e7c4c80af4,indeed,https://de.indeed.com/viewjob?jk=0aca44e7c4c80af4,2025-10-20,False,https://medicalhaircompany.com/,52.5200000000,13.4050000000,,52.5200000000,13.4050000000,"Berlin, BE, DE, Berlin, Germany",geocode:failed,low
Java Developer (m/w/d),https://join.com/companies/positivethinkingcompanytech/15061602-java-developer-m-w-d?pid=a13795120131dbe48464,Collaboration Betters the World,,"Berlin, BE, DE",,in-c45caff4dcb43487,indeed,https://de.indeed.com/viewjob?jk=c45caff4dcb43487,2025-10-20,True,,52.5200000000,13.4050000000,,52.5200000000,13.4050000000,"Berlin, BE, DE, Berlin, Germany",geocode:failed,low
(Senior) Full-Stack Engineer,https://www.sumup.com/careers/positions//berlin-germany/engineering/senior-fullstack-engineer/8150297002/?vcc_viewport=desktop&vcc_geo_country=US&vcc_ab_experiments=_website__careers_pages%3Aon%2628006100487%3A27963130817%26default-rollout-173770-18396730089%3Aon%26first-test%3Avariation_2%26everyone%3Aon%26default-rollout-301027-18396730089%3Aon%26default-rollout-345066-18396730089%3Aon%26header_test__only_text__deploytd1_deploytd1%3Atexto_original%26_cl___website__compra_o_arrienda_cta_header%3Awithout_cta&vcc_feature_toggles=_website__navigation_revamp%257C_website__wb_replacement_page_endpoint_careers%257C_website__computed_price%257CU27HjKLUQTyTE3n5Qd8MkW%257C_website__wb_replacement_page_endpoint_manuals%257C_website__prc_coupons%257Ccl_ley_de_transferencias_tracking%257C_cl__homepage_new_ver_test%257C_cl___website__compra_o_arrienda_cta_header&slug=positions,SumUp,,"Berlin, BE, DE",,in-1493599a69403c21,indeed,https://de.indeed.com/viewjob?jk=1493599a69403c21,2025-10-20,False,https://www.sumup.com/careers/,52.5200000000,13.4050000000,,52.5200000000,13.4050000000,"Berlin, BE, DE, Berlin, Germany",geocode:failed,low
Senior Backend Engineer (Golang) - Support Engineering Group,https://careers.wolt.com/en/jobs/7337415,wolt,Transport And Freight,"Berlin, BE, DE",fulltime,in-69d13cf96ad78e21,indeed,https://de.indeed.com/viewjob?jk=69d13cf96ad78e21,2025-10-16,False,https://www.wolt.com,52.5200000000,13.4050000000,,52.5200000000,13.4050000000,"Berlin, BE, DE, Berlin, Germany",geocode:failed,low
Team Lead Magento (all genders),https://sunday.jobs.personio.de/job/2392023?language=en,Sunday Natural,,"Berlin, BE, DE",fulltime,in-14865c7d36e90a8a,indeed,https://de.indeed.com/viewjob?jk=14865c7d36e90a8a,2025-10-16,False,https://www.sunday.de/,52.5200000000,13.4050000000,,52.5200000000,13.4050000000,"Berlin, BE, DE, Berlin, Germany",geocode:failed,low
Senior Backend Engineer (Node.js),https://careers.wolt.com/en/jobs/7334825,wolt,Transport And Freight,"Berlin, BE, DE",fulltime,in-7b7c7ef60d72a237,indeed,https://de.indeed.com/viewjob?jk=7b7c7ef60d72a237,2025-10-15,False,https://www.wolt.com,52.5200000000,13.4050000000,,52.5200000000,13.4050000000,"Berlin, BE, DE, Berlin, Germany",geocode:failed,low
Backend Developer (m/w/d) - Java,http://de.indeed.com/job/backend-developer-mwd-java-127427dd543f82de,Biting Bit GmbH,,"Berlin, BE, DE",fulltime,in-127427dd543f82de,indeed,https://de.indeed.com/viewjob?jk=127427dd543f82de,2025-10-15,True,,52.5200000000,13.4050000000,,52.5200000000,13.4050000000,"Berlin, BE, DE, Berlin, Germany",geocode:failed,low
"Senior Software Engineer - Product Engineering, Copenhagen",https://jobs.ashbyhq.com/Ashby/f60b5343-cf2f-4dbf-9819-d20e0c11be01?utm_source=PWaaBbrbpJ,ASHBY,,"Berlin, BE, DE",fulltime,in-9efaf3c62ca60ccb,indeed,https://de.indeed.com/viewjob?jk=9efaf3c62ca60ccb,2025-10-14,True,,52.5200000000,13.4050000000,,52.5200000000,13.4050000000,"Berlin, BE, DE, Berlin, Germany",geocode:failed,low
"Senior Software Engineer - Product Engineering, Stuttgart (m/f/d)",https://jobs.ashbyhq.com/Ashby/4cdb3761-8235-496f-8b6d-6ce56ac8fd77?utm_source=PWaaBbrbpJ,ASHBY,,"Berlin, BE, DE",fulltime,in-9e117163e1c7c355,indeed,https://de.indeed.com/viewjob?jk=9e117163e1c7c355,2025-10-14,True,,52.5200000000,13.4050000000,,52.5200000000,13.4050000000,"Berlin, BE, DE, Berlin, Germany",geocode:failed,low
Senior Data Integration Specialist for Process Analysis & Suite Accelerators (f/m/d) - SAP Signavio,,SAP,,"Berlin, Berlin, Germany",,li-4305731615,linkedin,https://www.linkedin.com/jobs/view/4305731615,2025-10-18,False,,52.5200000000,13.4050000000,,52.5200000000,13.4050000000,"Berlin, Berlin, Germany, Berlin, Germany",geocode:failed,low
Senior Data Scientist  (all genders) in Berlin,,Dott,,"Berlin, Germany",,li-4315050227,linkedin,https://www.linkedin.com/jobs/view/4315050227,2025-10-15,False,,52.5200000000,13.4050000000,,52.5200000000,13.4050000000,"Berlin, Germany, Berlin, Germany",geocode:failed,low
.NET Software Engineer,,Noir,,"Berlin, Germany",,li-4312408275,linkedin,https://www.linkedin.com/jobs/view/4312408275,2025-10-15,False,,52.5200000000,13.4050000000,,52.5200000000,13.4050000000,"Berlin, Germany, Berlin, Germany",geocode:failed,low
"Software Engineer API (f/m/d) - Node.js, SQL",,smartclip,,"Berlin, Germany",,li-4304673505,linkedin,https://www.linkedin.com/jobs/view/4304673505,,False,,52.5200000000,13.4050000000,,52.5200000000,13.4050000000,"Berlin, Germany, Berlin, Germany",geocode:failed,low
Connect & Explore: Vehicle Engineering in Berlin (afternoon session),,Tesla,,"Grünheide, Brandenburg, Germany",,li-4317094693,linkedin,https://www.linkedin.com/jobs/view/4317094693,2025-10-20,False,,52.5200000000,13.4050000000,,52.5200000000,13.4050000000,"Grünheide, Brandenburg, Germany, Berlin, Germany",geocode:failed,low
Connect & Explore: Vehicle Engineering in Berlin (morning session),,Tesla,,"Grünheide, Brandenburg, Germany",,li-4317300003,linkedin,https://www.linkedin.com/jobs/view/4317300003,2025-10-20,False,,52.5200000000,13.4050000000,,52.5200000000,13.4050000000,"Grünheide, Brandenburg, Germany, Berlin, Germany",geocode:failed,low
Ingenieur-in als Expert-in für die UW-Primärtechnik,,Elia Grid International (EGI),,"Berlin, Berlin, Germany",,li-4260184575,linkedin,https://www.linkedin.com/jobs/view/4260184575,2025-10-20,False,,52.5200000000,13.4050000000,,52.5200000000,13.4050000000,"Berlin, Berlin, Germany, Berlin, Germany",geocode:failed,low
Bauleiter (m/w/d) Konstruktiver Ingenieur- und Brückenbau,,Johann Bunte Bauunternehmung GmbH & Co. KG,,"Berlin, Berlin, Germany",,li-4317076426,linkedin,https://www.linkedin.com/jobs/view/4317076426,2025-10-20,False,,52.5200000000,13.4050000000,,52.5200000000,13.4050000000,"Berlin, Berlin, Germany, Berlin, Germany",geocode:failed,low
UAV Comms & Protocols Engineer (m/f/d),,Promethion Industries,,"Berlin, Berlin, Germany",,li-4314355775,linkedin,https://www.linkedin.com/jobs/view/4314355775,2025-10-20,False,,52.5200000000,13.4050000000,,52.5200000000,13.4050000000,"Berlin, Berlin, Germany, Berlin, Germany",geocode:failed,low
Ingenieur*in für Schulung/ Netz- und Versorgungswiederaufbau,,Stromnetz Berlin GmbH,,"Berlin, Berlin, Germany",,li-4305339825,linkedin,https://www.linkedin.com/jobs/view/4305339825,2025-10-20,False,,52.5200000000,13.4050000000,,52.5200000000,13.4050000000,"Berlin, Berlin, Germany, Berlin, Germany",geocode:failed,low
Senior Ingenieur Fassadenplanung (m/w/d),,Buro Happold,,"Berlin, Germany",,li-4314357639,linkedin,https://www.linkedin.com/jobs/view/4314357639,2025-10-20,False,,52.5200000000,13.4050000000,,52.5200000000,13.4050000000,"Berlin, Germany, Berlin, Germany",geocode:failed,low
Ingenieur:in für Bauphysik (w/m/d),,Ingérop Deutschland GmbH,,"Berlin, Berlin, Germany",,li-4316833147,linkedin,https://www.linkedin.com/jobs/view/4316833147,2025-10-18,False,,52.5200000000,13.4050000000,,52.5200000000,13.4050000000,"Berlin, Berlin, Germany, Berlin, Germany",geocode:failed,low
Ingenieur*in für Infrastrukturplanung von Netzprojekten in der Kabelplanung,,Stromnetz Berlin GmbH,,"Berlin, Berlin, Germany",,li-4291795842,linkedin,https://www.linkedin.com/jobs/view/4291795842,2025-10-18,False,,52.5200000000,13.4050000000,,52.5200000000,13.4050000000,"Berlin, Berlin, Germany, Berlin, Germany",geocode:failed,low
Ingenieur:in als Spezialist:in Digitale Stellwerke,,Deutsche Bahn,,"Berlin, Berlin, Germany",,li-4205829138,linkedin,https://www.linkedin.com/jobs/view/4205829138,2025-10-18,False,,52.5200000000,13.4050000000,,52.5200000000,13.4050000000,"Berlin, Berlin, Germany, Berlin, Germany",geocode:failed,low
Fachprojektleiterin Freileitungstechnik / Ingenieurin Freileitungen (m/w/d),,50Hertz Transmission GmbH,,"Berlin, Berlin, Germany",,li-4304233238,linkedin,https://www.linkedin.com/jobs/view/4304233238,2025-10-18,False,,52.5200000000,13.4050000000,,52.5200000000,13.4050000000,"Berlin, Berlin, Germany, Berlin, Germany",geocode:failed,low
Ingenieur*in für Infrastrukturplanung und Koordination von Netzprojekten und Steuerung des Maßnahmenportfolios,,Stromnetz Berlin GmbH,,"Berlin, Berlin, Germany",,li-4304201798,linkedin,https://www.linkedin.com/jobs/view/4304201798,2025-10-17,False,,52.5200000000,13.4050000000,,52.5200000000,13.4050000000,"Berlin, Berlin, Germany, Berlin, Germany",geocode:failed,low
"Ingenieur (m/w/d) - Herstellung, Verarbeitung Glas / High-Tech Start-up",,The Yellow SiC Group,,"Berlin, Berlin, Germany",,li-4313062016,linkedin,https://www.linkedin.com/jobs/view/4313062016,2025-10-16,False,,52.5200000000,13.4050000000,,52.5200000000,13.4050000000,"Berlin, Berlin, Germany, Berlin, Germany",geocode:failed,low
Engineering roles abroad – Eaton is hiring multilingual talent,,Eaton,,,,li-4273552636,linkedin,https://www.linkedin.com/jobs/view/4273552636,2025-10-16,False,,51.1638175000,10.4478313000,,52.5200000000,13.4050000000,"Berlin, Germany",geocode:nominatim,medium
Ingenieur als Betriebsmanager (m/w/d)- Bundesanstalt für Immobilienaufgaben,,Bundesanstalt für Immobilienaufgaben,,"Berlin, Berlin, Germany",,li-4315878229,linkedin,https://www.linkedin.com/jobs/view/4315878229,2025-10-16,False,,52.5200000000,13.4050000000,,52.5200000000,13.4050000000,"Berlin, Berlin, Germany, Berlin, Germany",geocode:failed,low
Ingenieur (m/w/d) für Straßenplanung und Erschließung,,Kolakovic & Partner Personalberatung,,"Berlin, Berlin, Germany",,li-4315164083,linkedin,https://www.linkedin.com/jobs/view/4315164083,2025-10-15,False,,52.5200000000,13.4050000000,,52.5200000000,13.4050000000,"Berlin, Berlin, Germany, Berlin, Germany",geocode:failed,low
HLS-Ingenieur (m/w/d),,Kolakovic & Partner Personalberatung,,"Berlin, Berlin, Germany",,li-4315151881,linkedin,https://www.linkedin.com/jobs/view/4315151881,2025-10-15,False,,52.5200000000,13.4050000000,,52.5200000000,13.4050000000,"Berlin, Berlin, Germany, Berlin, Germany",geocode:failed,low
Ingenieur im Bereich Trassierung (m/w/d),,KODIAK GmbH,,"Berlin, Berlin, Germany",,li-4312402768,linkedin,https://www.linkedin.com/jobs/view/4312402768,2025-10-15,False,,52.5200000000,13.4050000000,,52.5200000000,13.4050000000,"Berlin, Berlin, Germany, Berlin, Germany",geocode:failed,low
Bauleiter Ingenieur- und Anlagenbau (m/w/d),,Kolakovic & Partner Personalberatung,,"Berlin, Berlin, Germany",,li-4315150927,linkedin,https://www.linkedin.com/jobs/view/4315150927,2025-10-15,False,,52.5200000000,13.4050000000,,52.5200000000,13.4050000000,"Berlin, Berlin, Germany, Berlin, Germany",geocode:failed,low
Ingenieur (all genders) der Primärtechnik für Hochspannungsschaltanlagen,,GE Vernova,,"Berlin, Berlin, Germany",,li-4122420943,linkedin,https://www.linkedin.com/jobs/view/4122420943,2025-10-15,False,,52.5200000000,13.4050000000,,52.5200000000,13.4050000000,"Berlin, Berlin, Germany, Berlin, Germany",geocode:failed,low
Ingenieur:in Versorgungstechnik/ TGA (w/m/d),,Berliner Wasserbetriebe,,"Berlin, Berlin, Germany",,li-4315308713,linkedin,https://www.linkedin.com/jobs/view/4315308713,2025-10-15,False,,52.5200000000,13.4050000000,,52.5200000000,13.4050000000,"Berlin, Berlin, Germany, Berlin, Germany",geocode:failed,low
Ingenieurin / Ingenieur (m/w/d) (FH-Diplom / Bachelor) der Studienrichtungen Bau-/Wirtschafts-/Verkehrsingenieurwesen für den Bereich Finanzierung Schieneninfrastruktur,,Eisenbahn-Bundesamt EBA,,"Berlin, Berlin, Germany",,li-4312243865,linkedin,https://www.linkedin.com/jobs/view/4312243865,2025-10-15,False,,52.5200000000,13.4050000000,,52.5200000000,13.4050000000,"Berlin, Berlin, Germany, Berlin, Germany",geocode:failed,low
"Ingenieur / Meister / Fachplaner (m/w/d) Bereich Heizung, Lüftung, Sanitär",,BIM Berliner Immobilienmanagement GmbH,,"Berlin, Berlin, Germany",,li-4312407813,linkedin,https://www.linkedin.com/jobs/view/4312407813,2025-10-15,False,,52.5200000000,13.4050000000,,52.5200000000,13.4050000000,"Berlin, Berlin, Germany, Berlin, Germany",geocode:failed,low
Werkstudent im Bereich Engineering (m/w/d),,GE Vernova,,"Berlin, Berlin, Germany",,li-4120000035,linkedin,https://www.linkedin.com/jobs/view/4120000035,2025-10-15,False,,52.5200000000,13.4050000000,,52.5200000000,13.4050000000,"Berlin, Berlin, Germany, Berlin, Germany",geocode:failed,low
Ingenieur (w/d) im Algenstartup,,Solaga,,,,li-4077745388,linkedin,https://www.linkedin.com/jobs/view/4077745388,2025-10-14,False,,51.1638175000,10.4478313000,,52.5200000000,13.4050000000,"Berlin, Germany",geocode:nominatim,medium
Founding Engineer,,Zentio,,"Berlin, Berlin, Germany",,li-4311990003,linkedin,https://www.linkedin.com/jobs/view/4311990003,2025-10-14,False,,52.5200000000,13.4050000000,,52.5200000000,13.4050000000,"Berlin, Berlin, Germany, Berlin, Germany",geocode:failed,low
Techniker:in oder Ingenieur:in für Netzinfrastruktur,,Amoria Bond,,"Berlin, Germany",,li-4314964663,linkedin,https://www.linkedin.com/jobs/view/4314964663,,False,,52.5200000000,13.4050000000,,52.5200000000,13.4050000000,"Berlin, Germany, Berlin, Germany",geocode:failed,low
Render Engineer (Unannounced project),,Wargaming,,"Berlin, Germany",,li-4237446820,linkedin,https://www.linkedin.com/jobs/view/4237446820,,False,,52.5200000000,13.4050000000,,52.5200000000,13.4050000000,"Berlin, Germany, Berlin, Germany",geocode:failed,low
Techniker / Ingenieur (w/m/d) Beratung Gebäudetechnik (HLSK / ELT),,Drees & Sommer,,"Berlin, Berlin, Germany",,li-4314969389,linkedin,https://www.linkedin.com/jobs/view/4314969389,,False,,52.5200000000,13.4050000000,,52.5200000000,13.4050000000,"Berlin, Berlin, Germany, Berlin, Germany",geocode:failed,low
