"id","site","job_url","job_url_direct","title","company","location","date_posted","job_type","is_remote","company_industry","company_url_direct"
"in-fb61a57ce01e7941","indeed","https://de.indeed.com/viewjob?jk=fb61a57ce01e7941","https://jobs.smartrecruiters.com/DeliveryHero/744000089029185-senior-data-scientist-consumer-global-search-","Senior Data Scientist (Consumer, Global Search)","Delivery Hero","Berlin, BE, DE","2025-10-21","fulltime",False,"Internet And Software","https://bit.ly/3bYJHPP"
"in-399a2fa57ce9a458","indeed","https://de.indeed.com/viewjob?jk=399a2fa57ce9a458","https://jobs.siemens-energy.com/Jobs/FolderDetail?folderId=283517","Werkstudent (w/m/d) Data Analyst in der Grobplanung","Siemens Energy","Berlin, BE, DE","2025-10-21","parttime",False,"","https://www.siemens-energy.com/"
"in-0e53b4d2bd9b618b","indeed","https://de.indeed.com/viewjob?jk=0e53b4d2bd9b618b","https://marketplaces.wd3.myworkdayjobs.com/en-US/External_Careers/job/Berlin/XMLNAME--Senior--Frontend-Engineer--d-f-m-_JR009936-1","(Senior) Frontend Engineer (d/f/m)","Adevinta","Berlin, BE, DE","2025-10-21","fulltime",True,"","https://www.adevinta.com/"
"in-1979fa1c7b038a67","indeed","https://de.indeed.com/viewjob?jk=1979fa1c7b038a67","https://jobs.eon.com/en/job/Senior-Data-%26-AI-Consultant--f-m-d-?id=236705&utm_source=Indeed&utm_medium=jobboard","Senior Data & AI Consultant (f/m/d)","E.ON","Berlin, BE, DE","2025-10-21","fulltime",False,"","http://www.eon-career.com"
"in-a7b555a28cd751ae","indeed","https://de.indeed.com/viewjob?jk=a7b555a28cd751ae","https://www.sumup.com/careers/positions//berlin-germany/data-analytics/analytics-lead-operations/7621291002/?vcc_viewport=desktop&vcc_geo_country=US&vcc_ab_experiments=_website__careers_pages%3Aon%2628006100487%3A27963130817%26default-rollout-173770-18396730089%3Aon%26first-test%3Avariation_2%26everyone%3Aon%26default-rollout-301027-18396730089%3Aon%26default-rollout-345066-18396730089%3Aon%26header_test__only_text__deploytd1_deploytd1%3Atexto_original%26_cl___website__compra_o_arrienda_cta_header%3Awithout_cta&vcc_feature_toggles=_website__navigation_revamp%257C_website__wb_replacement_page_endpoint_careers%257C_website__computed_price%257CU27HjKLUQTyTE3n5Qd8MkW%257C_website__wb_replacement_page_endpoint_manuals%257C_website__prc_coupons%257Ccl_ley_de_transferencias_tracking%257C_cl__homepage_new_ver_test%257C_cl___website__compra_o_arrienda_cta_header&slug=positions","Analytics Lead, Operations","SumUp","Berlin, BE, DE","2025-10-20","",False,"","https://www.sumup.com/careers/"
"in-e2855a15ce0a99cd","indeed","https://de.indeed.com/viewjob?jk=e2855a15ce0a99cd","https://www.sumup.com/careers/positions//berlin-germany/engineering/backend-engineer-lending/8112137002/?vcc_viewport=desktop&vcc_geo_country=US&vcc_ab_experiments=_website__careers_pages%3Aon%2628006100487%3A27963130817%26default-rollout-173770-18396730089%3Aon%26first-test%3Avariation_2%26everyone%3Aon%26default-rollout-301027-18396730089%3Aon%26default-rollout-345066-18396730089%3Aon%26header_test__only_text__deploytd1_deploytd1%3Atexto_original%26_cl___website__compra_o_arrienda_cta_header%3Awithout_cta&vcc_feature_toggles=_website__navigation_revamp%257C_website__wb_replacement_page_endpoint_careers%257C_website__computed_price%257CU27HjKLUQTyTE3n5Qd8MkW%257C_website__wb_replacement_page_endpoint_manuals%257C_website__prc_coupons%257Ccl_ley_de_transferencias_tracking%257C_cl__homepage_new_ver_test%257C_cl___website__compra_o_arrienda_cta_header&slug=positions","Backend Engineer (Lending)","SumUp","Berlin, BE, DE","2025-10-20","",False,"","https://www.sumup.com/careers/"
"in-1013a7a176edf9df","indeed","https://de.indeed.com/viewjob?jk=1013a7a176edf9df","https://grnh.se/2g4xzwg61us","Fleet Performance Analyst","wolt","Berlin, BE, DE","2025-10-20","",False,"Transport And Freight","https://www.wolt.com"
"in-74c52446e5d2b7a3","indeed","https://de.indeed.com/viewjob?jk=74c52446e5d2b7a3","https://app.screenloop.com/careers/formelskin/job_posts/5174?tab=overview","Product Analyst (m/f/d)","FORMEL Skin","Berlin, BE, DE","2025-10-20","fulltime",True,"",""
"in-afcce0beec59b20d","indeed","https://de.indeed.com/viewjob?jk=afcce0beec59b20d","https://jobs.ashbyhq.com/n8n/0c78f102-f55d-449a-b202-05ca0a606cd9?utm_source=3ZqYBLJ41R","Head of Data","n8n","Berlin, BE, DE","2025-10-17","fulltime",True,"",""
"in-168d7bbc312b587a","indeed","https://de.indeed.com/viewjob?jk=168d7bbc312b587a","https://t.gohiring.com/h/580662e2f3992e21bcb197696ba0f3231c549a0ce6f3fdb35a975e422c4b072a?source=Indeed","Senior Data Analyst (m/f/d)","7NXT","Berlin-Kreuzberg, BE, DE","2025-10-17","fulltime",True,"",""
"in-cf73ea3119965441","indeed","https://de.indeed.com/viewjob?jk=cf73ea3119965441","https://kbv.hr4you.org/job/view/1535","Duales Studium – Bachelor of Science Informatik / Data Science","Kassenärztliche Bundesvereinigung KdöR","Berlin, BE, DE","2025-10-17","",False,"",""
"in-70beeb4f032e02d4","indeed","https://de.indeed.com/viewjob?jk=70beeb4f032e02d4","https://jobs.smartrecruiters.com/DeliveryHero/744000088496194-senior-staff-data-analyst-people-analytics","Senior/Staff Data Analyst - People Analytics","Delivery Hero","Berlin, BE, DE","2025-10-17","fulltime",False,"Internet And Software","https://bit.ly/3bYJHPP"
"in-d49556993705961d","indeed","https://de.indeed.com/viewjob?jk=d49556993705961d","https://jobs.smartrecruiters.com/DeliveryHero/744000088491714-data-scientist-consumer-global-search-","Data Scientist (Consumer, Global Search)","Delivery Hero","Berlin, BE, DE","2025-10-17","fulltime",False,"Internet And Software","https://bit.ly/3bYJHPP"
"in-9e78d48aa6969204","indeed","https://de.indeed.com/viewjob?jk=9e78d48aa6969204","https://join.com/companies/havau/15040839-data-architect-f-m-d?pid=a13795120131dbe48464","Data Architect (f/m/d)","hallo theo","Berlin, BE, DE","2025-10-16","",False,"",""
"in-6cfd81be77a95b2c","indeed","https://de.indeed.com/viewjob?jk=6cfd81be77a95b2c","https://www.amazon.jobs/jobs/3110410/data-analyst-aws-fraud-prevention?cmpid=DA_INAD200785B","Data Analyst, AWS Fraud Prevention","Amazon Web Services","Berlin, BE, DE","2025-10-16","fulltime",False,"","https://aws.amazon.com/careers/why-aws/"
"in-0d5e728008c09c53","indeed","https://de.indeed.com/viewjob?jk=0d5e728008c09c53","https://www.amazon.jobs/jobs/3110373/business-analyst-aws-fraud-prevention-compromise?cmpid=DA_INAD200785B","Business Analyst, AWS Fraud Prevention, Compromise","Amazon Web Services","Berlin, BE, DE","2025-10-16","fulltime",False,"","https://aws.amazon.com/careers/why-aws/"
"in-cfb14b7762e87b9e","indeed","https://de.indeed.com/viewjob?jk=cfb14b7762e87b9e","https://jobs.ashbyhq.com/upvest/83a54069-a5ba-4c26-a084-5683b1e01be1?utm_source=O3qYbowvb0","VP/ Director of Finance (f/m/d)","Upvest","Berlin, BE, DE","2025-10-16","fulltime",True,"Banks And Financial Services","https://upvest.co/"
"in-9e6990d4d9cfd0c5","indeed","https://de.indeed.com/viewjob?jk=9e6990d4d9cfd0c5","https://www.mckinsey.com/careers/search-jobs/jobs/consultant-riskresilience-102040","Consultant - Risk & Resilience","McKinsey & Company","Berlin, BE, DE","2025-10-16","",False,"",""
"in-c111e54c8c9c6bc8","indeed","https://de.indeed.com/viewjob?jk=c111e54c8c9c6bc8","https://jobs.smartrecruiters.com/EnpalBV/744000088284971--junior-business-process-manager-in-w-m-d-","(Junior) Business Process Manager:in (w/m/d)","Enpal GmbH","Berlin, BE, DE","2025-10-16","fulltime",False,"","https://www.enpal.de/"
"in-79367037a2cab5e6","indeed","https://de.indeed.com/viewjob?jk=79367037a2cab5e6","https://jobs.smartrecruiters.com/EnpalBV/744000088285024-business-process-manager-in-w-m-d-","Business Process Manager:in (w/m/d)","Enpal GmbH","Berlin, BE, DE","2025-10-16","fulltime",False,"","https://www.enpal.de/"
"in-fd95cbd5b71b7221","indeed","https://de.indeed.com/viewjob?jk=fd95cbd5b71b7221","https://www.accenture.com/de-de/careers/jobdetails?id=R00291821_de&title=Data%20Science%20Analyst%20(all%20genders)","Data Science Analyst (all genders)","Accenture","Berlin, BE, DE","2025-10-15","fulltime",True,"","https://www.accenture.com"
"in-6e739b5ef69b68fc","indeed","https://de.indeed.com/viewjob?jk=6e739b5ef69b68fc","https://www.vsb.energy/de/de/karriere/stellenangebote/Senior-Controller-Data-Analyst-wmd-de-j926.html","Senior Controller / Data Analyst (w/m/d)","VSB Gruppe","Berlin, BE, DE","2025-10-15","",False,"","https://www.vsb.energy/"
"in-0392d95244de8079","indeed","https://de.indeed.com/viewjob?jk=0392d95244de8079","https://jobs.lever.co/xsolla/8f786cd2-89a5-4b2a-a7b9-f9aec8b4a412?lever-source=Indeed","Senior Product Analyst","Xsolla","Berlin, BE, DE","2025-10-15","fulltime",True,"","https://xsolla.com/"
"in-b8ef7df4938e12fe","indeed","https://de.indeed.com/viewjob?jk=b8ef7df4938e12fe","http://de.indeed.com/job/crm-analyst-b8ef7df4938e12fe","CRM Analyst","GetAway Group","Berlin, BE, DE","2025-10-15","fulltime",True,"","http://www.getaway.group"
"in-dfdb5f37033e9b19","indeed","https://de.indeed.com/viewjob?jk=dfdb5f37033e9b19","https://jobs.ashbyhq.com/kayak/2cea6e6b-1a6c-44a4-bdf3-76cb28cd487a?utm_source=AB9aX3yJ19","Senior Product Manager - Travel","KAYAK","Berlin, BE, DE","2025-10-14","fulltime",False,"","https://www.kayak.com"
"in-5237259badc180be","indeed","https://de.indeed.com/viewjob?jk=5237259badc180be","https://jobs.ashbyhq.com/yepoda/86b8a591-f5d7-4130-b387-219efede67c7?utm_source=Eroxjv8Y9r","Senior Data Analyst","Yepoda","Berlin, BE, DE","2025-10-14","fulltime",False,"",""
"in-9153b853931f9359","indeed","https://de.indeed.com/viewjob?jk=9153b853931f9359","https://grnh.se/bolv8lnv2us","Senior Machine Learning Engineer, Search","Soundcloud","Berlin, BE, DE","2025-10-14","",True,"","https://www.soundcloud.com"
"in-f5074682476fa99c","indeed","https://de.indeed.com/viewjob?jk=f5074682476fa99c","https://jobs.lever.co/nelly/3dece1e5-efc6-4a71-bc97-f6ca4c0c3c61?lever-source=Indeed","Finance Analyst Intern","Nelly Solutions","Berlin, BE, DE","2025-10-14","fulltime",False,"",""
"in-f45eadb64064ad06","indeed","https://de.indeed.com/viewjob?jk=f45eadb64064ad06","https://issgovernance.wd1.myworkdayjobs.com/en-US/ISScareers/job/Berlin-Germany/Praktikum---Corporate-Governance-Executive-Compensation-Analyst-EMEA--m-w-d---Deutschsprachig-_JR_9243","Praktikum – Corporate Governance Executive Compensation Analyst EMEA (m/w/d) (Deutschsprachig)","Institutional Shareholder Services","Berlin, BE, DE","2025-10-14","fulltime",False,"","https://www.issgovernance.com"
"li-4312081957","linkedin","https://www.linkedin.com/jobs/view/4312081957","","Data & Analytics Lead (SaaS GTM, Tableau & BI Strategy) (m/f/d)","Shiftmove","Berlin, Berlin, Germany","2025-10-20","",False,"",""
"li-4260121602","linkedin","https://www.linkedin.com/jobs/view/4260121602","","Intern Venture Development (d/m/w)","Enpal","Berlin, Berlin, Germany","2025-10-20","",False,"",""
"li-4314374219","linkedin","https://www.linkedin.com/jobs/view/4314374219","","Marketplace Operations Analyst (m/w/d) @ Uber Eats, Berlin","worknow for Uber","Berlin, Germany","2025-10-20","",False,"",""
"li-4272012222","linkedin","https://www.linkedin.com/jobs/view/4272012222","","Staff Product Analyst - Consumer Product","Delivery Hero","Berlin, Berlin, Germany","2025-10-19","",False,"",""
"li-4272088142","linkedin","https://www.linkedin.com/jobs/view/4272088142","","Staff Product Analyst - (Logistics)","Delivery Hero","Berlin, Berlin, Germany","2025-10-19","",False,"",""
"li-4305780059","linkedin","https://www.linkedin.com/jobs/view/4305780059","","Junior ESG Data and Reporting Analyst, Operations (m/f/x)","HelloFresh","Berlin, Berlin, Germany","2025-10-18","",False,"",""
"li-4299426242","linkedin","https://www.linkedin.com/jobs/view/4299426242","","Data Analyst (m/w/d)","FUNKE","Berlin, Berlin, Germany","2025-10-17","",False,"",""
"li-4274303592","linkedin","https://www.linkedin.com/jobs/view/4274303592","","Product Data Analyst","Freenow","Berlin, Berlin, Germany","2025-10-17","",False,"",""
"li-4316311308","linkedin","https://www.linkedin.com/jobs/view/4316311308","","Data Analyst (m/f/d)","Getsafe","Berlin, Germany","2025-10-17","",False,"",""
"li-4316036525","linkedin","https://www.linkedin.com/jobs/view/4316036525","","Data Analyst, AWS Fraud Prevention","Amazon Web Services (AWS)","Berlin, Germany","2025-10-17","",False,"",""
"li-4284413051","linkedin","https://www.linkedin.com/jobs/view/4284413051","","Senior Data Analyst - Size & Fit (all genders)","Zalando","Berlin, Berlin, Germany","2025-10-17","",False,"",""
"li-4292173562","linkedin","https://www.linkedin.com/jobs/view/4292173562","","Data Engineer (m|w|d)","idealo internet GmbH","Berlin, Berlin, Germany","2025-10-17","",False,"",""
"li-4315553964","linkedin","https://www.linkedin.com/jobs/view/4315553964","","Data / Business Analyst (m/w/d) – KPI- / Qualitätsmanagement","Sparkassen Rating und Risikosysteme","Berlin, Berlin, Germany","2025-10-17","",False,"",""
"li-4316524205","linkedin","https://www.linkedin.com/jobs/view/4316524205","","Dateneingeber/in (m/w/d) in Sterbfritz gesucht!","SOLUA GmbH","Berlin, Berlin, Germany","2025-10-17","",False,"",""
"li-4315212636","linkedin","https://www.linkedin.com/jobs/view/4315212636","","Dispatching Intelligence Analyst (m/f/d)","Flink","Berlin, Berlin, Germany","2025-10-16","",False,"",""
"li-4313046163","linkedin","https://www.linkedin.com/jobs/view/4313046163","","Game Data Analyst","New Moon Production","","2025-10-16","",False,"",""
"li-4315210656","linkedin","https://www.linkedin.com/jobs/view/4315210656","","Decision Scientist (m/f/d)","Flink","Berlin, Berlin, Germany","2025-10-16","",False,"",""
"li-4312283668","linkedin","https://www.linkedin.com/jobs/view/4312283668","","Data Scientist (Student / Working Student) – Cloover ⚡","Cloover","Berlin, Berlin, Germany","2025-10-15","",False,"",""
"li-4312414112","linkedin","https://www.linkedin.com/jobs/view/4312414112","","Trainee (m/w/d) – Risikomanagement | Data Science","Sparkassen Rating und Risikosysteme","Berlin, Berlin, Germany","2025-10-15","",False,"",""
"li-4314771691","linkedin","https://www.linkedin.com/jobs/view/4314771691","","Data Analytics Lead, Consumer Pricing","Wolt","Berlin, Berlin, Germany","2025-10-15","",False,"",""
"li-4082229620","linkedin","https://www.linkedin.com/jobs/view/4082229620","","Initiative Application","Flip","Berlin, Germany","2025-10-15","",False,"",""
"li-4315394197","linkedin","https://www.linkedin.com/jobs/view/4315394197","","Dateneingeber/in (m/w/d)","SOLUA GmbH","Berlin, Berlin, Germany","2025-10-15","",False,"",""
"li-4314279861","linkedin","https://www.linkedin.com/jobs/view/4314279861","","Senior Data Analyst (f/m/d)","think-cell Software","Berlin, Berlin, Germany","2025-10-14","",False,"",""
"li-4314291633","linkedin","https://www.linkedin.com/jobs/view/4314291633","","Working student (f/m/d) - Digital Analytics","SAP","Berlin, Berlin, Germany","2025-10-14","",False,"",""
"li-4316613262","linkedin","https://www.linkedin.com/jobs/view/4316613262","","Fleet Performance Analyst","Wolt","Berlin, Berlin, Germany","","",False,"",""
"li-4264100098","linkedin","https://www.linkedin.com/jobs/view/4264100098","","Digital Analyst E-Commerce","Instaffo","Berlin, Berlin, Germany","","",False,"",""
"li-4314976024","linkedin","https://www.linkedin.com/jobs/view/4314976024","","Data Analyst (w/m/d) in der Gruppe „Geschäftsstelle für den Sachverständigenrat zur Begutachtung der gesamtwirtschaftlichen Entwicklung“","Statistisches Bundesamt (Destatis)","Berlin, Berlin, Germany","","",False,"",""
"li-4306618710","linkedin","https://www.linkedin.com/jobs/view/4306618710","","Senior Data Scientist - Quick Commerce","Delivery Hero","Berlin, Berlin, Germany","","",False,"",""
"in-6d0a556146a0ce5d","indeed","https://de.indeed.com/viewjob?jk=6d0a556146a0ce5d","https://jobs.smartrecruiters.com/ScalableGmbH/744000089003369--senior-fullstack-software-engineer-java-kotlin-python-javascript-m-f-x-onsite-remote-in-germany-","(Senior) Fullstack Software Engineer (Java/Kotlin/Python/JavaScript) (m/f/x) (onsite / remote in Germany)","Scalable","Berlin, BE, DE","2025-10-21","fulltime",True,"","https://scalablepress.com"
"in-36a054551fbe5cf6","indeed","https://de.indeed.com/viewjob?jk=36a054551fbe5cf6","https://jobs.ashbyhq.com/AeroVect/b25487ea-a90d-4083-abe7-5f571c28f8c7?utm_source=Eop7pMkGOp","Software Engineer, Platform","AeroVect","Berlin, BE, DE","2025-10-20","fulltime",True,"",""
"in-ef61d167dd5c5ea4","indeed","https://de.indeed.com/viewjob?jk=ef61d167dd5c5ea4","https://jobs.sap.com/job/Berlin-DevOps-Engineer-Database-Infra-Team-in-CloudOS-Group-in-P&E-SAP-Signavio-%28mfd%29-10557/1260098001/?feedId=118200&utm_source=Indeed&utm_campaign=SAP_Indeed","DevOps Engineer - Database Infra Team in CloudOS Group in P&E SAP Signavio (m/f/d)","SAP","Berlin, BE, DE","2025-10-20","fulltime",False,"Internet And Software","http://jobs.sap.com"
"in-6e11f6b50ec5bf7b","indeed","https://de.indeed.com/viewjob?jk=6e11f6b50ec5bf7b","https://www.sumup.com/careers/positions//berlin-germany/data-engineerscientist/senior-machine-learning-engineer-i/8128496002/?vcc_viewport=desktop&vcc_geo_country=US&vcc_ab_experiments=_website__careers_pages%3Aon%2628006100487%3A27963130817%26default-rollout-173770-18396730089%3Aon%26first-test%3Avariation_2%26everyone%3Aon%26default-rollout-301027-18396730089%3Aon%26default-rollout-345066-18396730089%3Aon%26header_test__only_text__deploytd1_deploytd1%3Atexto_original%26_cl___website__compra_o_arrienda_cta_header%3Awithout_cta&vcc_feature_toggles=_website__navigation_revamp%257C_website__wb_replacement_page_endpoint_careers%257C_website__computed_price%257CU27HjKLUQTyTE3n5Qd8MkW%257C_website__wb_replacement_page_endpoint_manuals%257C_website__prc_coupons%257Ccl_ley_de_transferencias_tracking%257C_cl__homepage_new_ver_test%257C_cl___website__compra_o_arrienda_cta_header&slug=positions","Senior Machine Learning Engineer I","SumUp","Berlin, BE, DE","2025-10-20","",False,"","https://www.sumup.com/careers/"
"in-913b3ebd2e974e3e","indeed","https://de.indeed.com/viewjob?jk=913b3ebd2e974e3e","https://jobs.smartrecruiters.com/Avaloq1/744000088842040-devops-engineer-mobile-banking-eu","DevOps Engineer Mobile Banking EU","Avaloq","Berlin, BE, DE","2025-10-20","fulltime",False,"","https://www.avaloq.com/en/home"
"in-0254390aeed5dc29","indeed","https://de.indeed.com/viewjob?jk=0254390aeed5dc29","https://dhi.career.emply.com/ad/qa-automation-engineer/d4aob9/en","QA Automation Engineer","DHI Group","Berlin, BE, DE","2025-10-20","fulltime",False,"","https://www.dhigroup.com/contact-us"
"in-72a84cb0f2aa24b9","indeed","https://de.indeed.com/viewjob?jk=72a84cb0f2aa24b9","https://jobs.sap.com/job/Berlin-Senior-Developer-%28fmd%29-SAP-LeanIX-10557/1237952801/?feedId=118200&utm_source=Indeed&utm_campaign=SAP_Indeed","Senior Developer (f/m/d) - SAP LeanIX","SAP","Berlin, BE, DE","2025-10-18","fulltime",True,"Internet And Software","http://jobs.sap.com"
"in-b77e3dbc0ff40ba0","indeed","https://de.indeed.com/viewjob?jk=b77e3dbc0ff40ba0","https://codefirstgirls.bamboohr.com/careers/113?source=indeed&src=indeed&postedDate=2025-10-17","Java Developer","CODE FIRST GIRLS","Berlin, BE, DE","2025-10-17","fulltime",False,"",""
"in-3dd823e5ca9cd126","indeed","https://de.indeed.com/viewjob?jk=3dd823e5ca9cd126","https://constellr.recruitee.com/o/mission-operations-segment-software-engineer?source=Indeed","Mission Operations Segment - Software Engineer","ConstellR","Berlin, BE, DE","2025-10-17","fulltime",True,"",""
"in-f862f1e5fdba8eb4","indeed","https://de.indeed.com/viewjob?jk=f862f1e5fdba8eb4","https://constellr.recruitee.com/o/full-stack-developer-mission-operations-segment?source=Indeed","Full-Stack Developer - Mission Operations Segment","ConstellR","Berlin, BE, DE","2025-10-17","fulltime",True,"",""
"in-1d18a3735a2ad24e","indeed","https://de.indeed.com/viewjob?jk=1d18a3735a2ad24e","https://jobs.ashbyhq.com/voodoo/8269ba42-f4ea-4eae-acf5-b81e31c8add4?utm_source=nedy21l72a","Tools Developer - Hole.io","Voodoo","Berlin, BE, DE","2025-10-17","fulltime",True,"","http://www.voodoo.io"
"in-f96740ad6076047e","indeed","https://de.indeed.com/viewjob?jk=f96740ad6076047e","http://de.indeed.com/job/backend-engineer-mfx-f96740ad6076047e","Backend Engineer (m/f/x)","VERBI Software GmbH","Berlin, BE, DE","2025-10-17","fulltime",True,"","https://www.maxqda.com/"
"in-9341181575bfd75e","indeed","https://de.indeed.com/viewjob?jk=9341181575bfd75e","https://jobs.sap.com/job/Berlin-DevOps-Engineer-%28fmd%29-SAP-Sovereign-Cloud-10557/1143784001/?feedId=118200&utm_source=Indeed&utm_campaign=SAP_Indeed","DevOps Engineer (f/m/d) - SAP Sovereign Cloud","SAP","Berlin, BE, DE","2025-10-16","fulltime",False,"Internet And Software","http://jobs.sap.com"
"in-fec99f9714761b4f","indeed","https://de.indeed.com/viewjob?jk=fec99f9714761b4f","https://t.gohiring.com/h/63a67b373b59d349078ec087c15519cdd65c7ee9b7f6d4e9ee4faabb4e9a0224?source=Indeed","Customer Reliability Engineer","deepset GmbH","Berlin, BE, DE","2025-10-16","fulltime",True,"",""
"in-f7bab2d18747fca1","indeed","https://de.indeed.com/viewjob?jk=f7bab2d18747fca1","https://grnh.se/dp8mqnin1us","Staff Database Administrator","Wikimedia Foundation","Berlin, BE, DE","2025-10-15","",True,"","http://www.wikimediafoundation.org"
"in-ba02e439d19b7e63","indeed","https://de.indeed.com/viewjob?jk=ba02e439d19b7e63","https://www.karriere.fichtner.de/stellenportal/senior-software-developer-php-python-apis-pimcore","Senior Software Entwickler (m/w/d) – PHP, Python, API’s, Pimcore","Fichtner GmbH & Co. KG","Berlin, BE, DE","2025-10-15","",False,"","https://www.fichtner.de"
"in-af4ad6e4a84706d3","indeed","https://de.indeed.com/viewjob?jk=af4ad6e4a84706d3","https://grnh.se/am64sykh4us","Senior Data Scientist (all genders) in Berlin","Ridedott","Berlin, BE, DE","2025-10-15","fulltime",True,"Auto","https://ridedott.com"
"in-2e1ec31b2b977d70","indeed","https://de.indeed.com/viewjob?jk=2e1ec31b2b977d70","https://www.amazon.jobs/jobs/3079442/cloud-support-associate-german--english-speaking?cmpid=DA_INAD200785B","Cloud Support Associate (German & English speaking)","Amazon Web Services","Berlin, BE, DE","2025-09-10","fulltime",False,"","https://aws.amazon.com/careers/why-aws/"
"li-4259177976","linkedin","https://www.linkedin.com/jobs/view/4259177976","","Senior Full‑Stack Engineer (m/f/d)","Axel Springer National Media & Tech GmbH & Co. KG","Berlin, Germany","2025-10-20","",False,"",""
"li-4316477204","linkedin","https://www.linkedin.com/jobs/view/4316477204","","Java Backend Engineer","MODIFI","Berlin, Berlin, Germany","2025-10-20","",False,"",""
"li-4316477122","linkedin","https://www.linkedin.com/jobs/view/4316477122","","Senior Software Engineer (Fullstack) (f/m/d) - Metrify Smart Metering","Enpal","Berlin, Berlin, Germany","2025-10-20","",False,"",""
"li-4314310478","linkedin","https://www.linkedin.com/jobs/view/4314310478","","Python Software Engineer (all) - Mid-level","Sonia","Berlin, Berlin, Germany","2025-10-19","",False,"",""
"li-4296326120","linkedin","https://www.linkedin.com/jobs/view/4296326120","","Backend Engineer – Python","TechTree","Berlin, Berlin, Germany","2025-10-19","",False,"",""
"li-4314336888","linkedin","https://www.linkedin.com/jobs/view/4314336888","","Part-Time Senior Full-Stack Engineer (Python/Django) (gn)","voiio","Berlin, Berlin, Germany","2025-10-18","",False,"",""
"li-4315583056","linkedin","https://www.linkedin.com/jobs/view/4315583056","","Back End Developer","Digital Waffle","Berlin, Germany","2025-10-17","",False,"",""
"li-4309541359","linkedin","https://www.linkedin.com/jobs/view/4309541359","","Fullstack Python Software Engineer","Cavendish Professionals","Berlin, Germany","2025-10-17","",False,"",""
"li-4316079194","linkedin","https://www.linkedin.com/jobs/view/4316079194","","Python Entwickler (m/w/d)","GULP – experts united","Berlin, Berlin, Germany","2025-10-17","",False,"",""
"li-4313328933","linkedin","https://www.linkedin.com/jobs/view/4313328933","","Full Stack Engineer","Hawksman Technology","Berlin, Germany","2025-10-17","",False,"",""
"li-4312485065","linkedin","https://www.linkedin.com/jobs/view/4312485065","","Full Stack Engineer - Flutter/Python (m/f/d)","BlazeSQL","Berlin, Berlin, Germany","2025-10-16","",False,"",""
"li-4315809384","linkedin","https://www.linkedin.com/jobs/view/4315809384","","Full Stack Engineer(m/f/x)","topi","Berlin, Germany","2025-10-16","",False,"",""
"li-4315680601","linkedin","https://www.linkedin.com/jobs/view/4315680601","","Briink - Backend Engineer, AI/ML & Climate Tech (Mid to Senior)","Merantix Capital","Berlin, Berlin, Germany","2025-10-16","",False,"",""
"li-4313020654","linkedin","https://www.linkedin.com/jobs/view/4313020654","","Briink - Backend Engineer, AI/ML & Climate Tech (Mid to Senior)","Briink","Berlin, Berlin, Germany","2025-10-16","",False,"",""
"li-4315081249","linkedin","https://www.linkedin.com/jobs/view/4315081249","","Junior Softwareentwickler KI & Automatisierung (m/w/d)","mgm technology partners","Berlin, Berlin, Germany","2025-10-16","",False,"",""
"li-4312250437","linkedin","https://www.linkedin.com/jobs/view/4312250437","","Full Stack Engineer - AI Software Start-up","Glorya GmbH","Berlin, Berlin, Germany","2025-10-15","",False,"",""
"li-4315148347","linkedin","https://www.linkedin.com/jobs/view/4315148347","","Backend Developer (m/f/d)","Belden Inc.","Berlin, Germany","2025-10-15","",False,"",""
"li-4279493104","linkedin","https://www.linkedin.com/jobs/view/4279493104","","Senior Backend Engineer","Bolt","Berlin, Berlin, Germany","2025-10-15","",False,"",""
"li-4314288572","linkedin","https://www.linkedin.com/jobs/view/4314288572","","Founding Full-Stack Engineer (Python) (m/f/d)","Pinnipedia Technologies","Berlin, Berlin, Germany","2025-10-14","",False,"",""
"li-4314804855","linkedin","https://www.linkedin.com/jobs/view/4314804855","","Backend Engineer","Kleinanzeigen","Berlin, Berlin, Germany","2025-10-14","",False,"",""
"li-4297844061","linkedin","https://www.linkedin.com/jobs/view/4297844061","","Staff Engineer, Python - (Logistics, AI Autopilot)","Delivery Hero","Berlin, Berlin, Germany","","",False,"",""
"li-4214737441","linkedin","https://www.linkedin.com/jobs/view/4214737441","","Senior Software Developer (Python)","reeeliance","Berlin, Germany","","",False,"",""
"li-4292805065","linkedin","https://www.linkedin.com/jobs/view/4292805065","","Backend Engineer - Everyday Banking","N26","Berlin, Berlin, Germany","","",False,"",""
"li-4308015859","linkedin","https://www.linkedin.com/jobs/view/4308015859","","(Senior) Backend Developer (Python + Django) -","Instaffo","Berlin, Berlin, Germany","","",False,"",""
"li-4314973140","linkedin","https://www.linkedin.com/jobs/view/4314973140","","Full Stack Developer (f/m/d)","Enpal","Berlin, Berlin, Germany","","",False,"",""
"li-4317327352","linkedin","https://www.linkedin.com/jobs/view/4317327352","","Web Developer (m/w/d)","Elithair","Berlin, Berlin, Germany","","",False,"",""
"li-4316625205","linkedin","https://www.linkedin.com/jobs/view/4316625205","","Software Engineer (.NET Backend) (f/m/d)","Enpal","Berlin, Berlin, Germany","","",False,"",""
"li-4308093999","linkedin","https://www.linkedin.com/jobs/view/4308093999","","Fullstack Software Engineer","TechTree","Berlin, Berlin, Germany","","",False,"",""
"in-46e5e9ffe6821ca2","indeed","https://de.indeed.com/viewjob?jk=46e5e9ffe6821ca2","http://de.indeed.com/job/development-manager-business-analyst-mwd-46e5e9ffe6821ca2","Development Manager / Business Analyst (m/w/d)","hedera gruppe GmbH","Berlin, BE, DE","2025-10-21","fulltime",True,"",""
"in-66e0348345c6fcfd","indeed","https://de.indeed.com/viewjob?jk=66e0348345c6fcfd","https://stark.jobs.personio.com/job/2395291?language=en","Strategy & Operations Analyst (m/f/d)","Stark Systems","Berlin, BE, DE","2025-10-20","fulltime",False,"",""
"in-3e52fac5ac1b114a","indeed","https://de.indeed.com/viewjob?jk=3e52fac5ac1b114a","https://jobs.smartrecruiters.com/Avaloq1/744000088856564-team-head-business-analyst-mobile-banking-eu","Team Head & Business Analyst Mobile Banking EU","Avaloq","Berlin, BE, DE","2025-10-20","fulltime",False,"","https://www.avaloq.com/en/home"
"in-9ccd0b5235410871","indeed","https://de.indeed.com/viewjob?jk=9ccd0b5235410871","https://join.com/companies/positivethinkingcompanytech/15059387-frontend-entwickler-m-w-d?pid=a13795120131dbe48464","Frontend-Entwickler (m/w/d)","Collaboration Betters the World","Berlin, BE, DE","2025-10-20","",True,"",""
"in-fc0b8129fff22fa9","indeed","https://de.indeed.com/viewjob?jk=fc0b8129fff22fa9","https://jobs.smartrecruiters.com/Avaloq1/744000088838407-business-analyst-production-support-wealth-front","Business Analyst Production Support - Wealth & Front","Avaloq","Berlin, BE, DE","2025-10-20","fulltime",False,"","https://www.avaloq.com/en/home"
"in-63bd3dfda89dcf60","indeed","https://de.indeed.com/viewjob?jk=63bd3dfda89dcf60","https://jobs.smartrecruiters.com/enertrag/744000087915405--(senior)-financial-analyst-(m/w/d)-","(Senior) Financial Analyst (m/w/d)","ENERTRAG SE","Berlin, BE, DE","2025-10-15","fulltime",True,"","https://enertrag.com"
"in-9be4f134696efae8","indeed","https://de.indeed.com/viewjob?jk=9be4f134696efae8","https://grnh.se/iv91hd7f1us","Internal Control Manager","GetYourGuide","Berlin, BE, DE","2025-10-14","fulltime",True,"Restaurants Travel And Leisure","http://www.getyourguide.com/"
"in-74b84cff7e4df657","indeed","https://de.indeed.com/viewjob?jk=74b84cff7e4df657","https://careers-hyland.icims.com/jobs/12853/job?utm_source=indeed_integration&iis=Job%20Board&iisn=Indeed&indeed-apply-token=73a2d2b2a8d6d5c0a62696875eaebd669103652d3f0c2cd5445d3e66b1592b0f","Manager, Product Management","Hyland","Berlin, BE, DE","2025-09-11","fulltime",True,"Internet And Software","https://www.hyland.com"
"li-4168366044","linkedin","https://www.linkedin.com/jobs/view/4168366044","","Duales Studium Gesundheitsmanagement (B.A.) am Campus oder virtuell","IU International University of Applied Sciences","Berlin, Berlin, Germany","2025-10-20","",False,"",""
"li-4247164413","linkedin","https://www.linkedin.com/jobs/view/4247164413","","Analyst Strategy & Growth | CGO Office (w/m/d)","Enpal","Berlin, Berlin, Germany","2025-10-19","",False,"",""
"li-4261742462","linkedin","https://www.linkedin.com/jobs/view/4261742462","","Duales Studium Betriebswirtschaftslehre (B.A) - Schwerpunkt Filiale (m/w/d)","SIXT","Berlin, Berlin, Germany","2025-10-19","",False,"",""
"li-4313320891","linkedin","https://www.linkedin.com/jobs/view/4313320891","","(Senior) Business Process Analyst","Lloyds Bank Deutschland","Berlin, Berlin, Germany","2025-10-17","",False,"",""
"li-4315569536","linkedin","https://www.linkedin.com/jobs/view/4315569536","","Senior Strategy Analyst, MENA & Europe (In-House Consulting)","Delivery Hero","Berlin, Berlin, Germany","2025-10-17","",False,"",""
"li-4316028770","linkedin","https://www.linkedin.com/jobs/view/4316028770","","Business Analyst, AWS Fraud Prevention, Compromise","Amazon Web Services (AWS)","Berlin, Germany","2025-10-17","",False,"",""
"li-4316376680","linkedin","https://www.linkedin.com/jobs/view/4316376680","","Strategy & Business Analyst (d/m/w)","Amadeus Fire","Berlin, Berlin, Germany","2025-10-17","",False,"",""
"li-4315707612","linkedin","https://www.linkedin.com/jobs/view/4315707612","","Business Analyst (w/m/d)","EY","Berlin, Berlin, Germany","2025-10-17","",False,"",""
"li-4303755234","linkedin","https://www.linkedin.com/jobs/view/4303755234","","Consultant / Business Analyst - Digital Commerce / eCommerce (m/w/x)","Deloitte","Berlin, Berlin, Germany","2025-10-17","",False,"",""
"li-4316308822","linkedin","https://www.linkedin.com/jobs/view/4316308822","","Business Analyst (m/w/d) EE Krankenhaus","AOK Systems GmbH","Frankfurt an der Oder, Brandenburg, Germany","2025-10-17","",False,"",""
"li-4316331453","linkedin","https://www.linkedin.com/jobs/view/4316331453","","Senior Business Analyst (Maternity Cover)","Springer Nature","Berlin, Berlin, Germany","2025-10-17","",False,"",""
"li-4294599115","linkedin","https://www.linkedin.com/jobs/view/4294599115","","Business Analyst Datenmigration (all genders)","adesso insurance solutions GmbH","Berlin, Berlin, Germany","2025-10-17","",False,"",""
"li-4315201617","linkedin","https://www.linkedin.com/jobs/view/4315201617","","(Junior) Business Process Manager:in (w/m/d)","Enpal","Berlin, Berlin, Germany","2025-10-16","",False,"",""
"li-4315842473","linkedin","https://www.linkedin.com/jobs/view/4315842473","","(Junior) Business Process Manager:in  (w/m/d)","Enpal","Berlin, Berlin, Germany","2025-10-16","",False,"",""
"li-4315206447","linkedin","https://www.linkedin.com/jobs/view/4315206447","","Business Process Manager:in (w/m/d)","Enpal","Berlin, Berlin, Germany","2025-10-16","",False,"",""
"li-4261126526","linkedin","https://www.linkedin.com/jobs/view/4261126526","","Senior Trading & Promotion Analyst (m/w/d)","Just Eat Takeaway.com","Berlin, Berlin, Germany","2025-10-16","",False,"",""
"li-4283511801","linkedin","https://www.linkedin.com/jobs/view/4283511801","","Senior IT-Consultant / Business Analyst Versicherungen (all genders)","adesso SE","Berlin, Berlin, Germany","2025-10-16","",False,"",""
"li-4304988344","linkedin","https://www.linkedin.com/jobs/view/4304988344","","Fraud Investigation Analyst, AWS Fraud Prevention, Compromise","Amazon Web Services (AWS)","Berlin, Germany","2025-10-15","",False,"",""
"li-3802371435","linkedin","https://www.linkedin.com/jobs/view/3802371435","","Duales Studium Immobilienwirtschaft (B.A.) am Campus oder virtuell","IU International University of Applied Sciences","Berlin, Berlin, Germany","2025-10-15","",False,"",""
"li-4304177582","linkedin","https://www.linkedin.com/jobs/view/4304177582","","AWS Fraud Analyst II, AWS Fraud Prevention","Amazon Web Services (AWS)","Berlin, Germany","2025-10-14","",False,"",""
"li-4317378289","linkedin","https://www.linkedin.com/jobs/view/4317378289","","Strategy & Operations Analyst (m/f/d)","STARK","Berlin, Berlin, Germany","","",False,"",""
"li-4308026399","linkedin","https://www.linkedin.com/jobs/view/4308026399","","Senior Business Analyst Operations for People & Organisation (all genders)","Zalando","Berlin, Berlin, Germany","","",False,"",""
"li-4285533415","linkedin","https://www.linkedin.com/jobs/view/4285533415","","Growth Strategy Analyst (Madrid based)","Fever","Berlin, Berlin, Germany","","",False,"",""
"li-4285528619","linkedin","https://www.linkedin.com/jobs/view/4285528619","","Growth Strategy Senior Analyst (Madrid based)","Fever","Berlin, Berlin, Germany","","",False,"",""
"li-4272747926","linkedin","https://www.linkedin.com/jobs/view/4272747926","","(Senior) Consultant Beratung Public Sector - Digitale Transformation (w/m/d)","EY","Berlin, Berlin, Germany","","",False,"",""
"li-4306623757","linkedin","https://www.linkedin.com/jobs/view/4306623757","","Project Manager – Asset Management Operations (w/m/d)","Enpal","Berlin, Berlin, Germany","","",False,"",""
"li-4259083680","linkedin","https://www.linkedin.com/jobs/view/4259083680","","Manager Marketing Tech & Analytics (m/f/d), Part-Time 20h","Sanoptis","Berlin, Berlin, Germany","","",False,"",""
"in-0e0f6e8b2955bd8b","indeed","https://de.indeed.com/viewjob?jk=0e0f6e8b2955bd8b","https://ats.rippling.com/prisma-careers/jobs/d03e082e-5bb1-4295-8e81-64acf7b4408b?jobSite=Indeed","Senior Backend Engineer (TypeScript) [Prisma Postgres]","Prisma Data","Berlin, BE, DE","2025-10-21","fulltime",True,"","http://www.prisma.io"
"in-0aca44e7c4c80af4","indeed","https://de.indeed.com/viewjob?jk=0aca44e7c4c80af4","https://karriere.medicalhaircompany.com/stellenangebote/Web-Developer-Berlin-Elithair--885339395?ref=9910111000&utm_medium=organic&utm_source=indeed","Web Developer (m/w/d)","Medical Hair Company GmbH","Berlin, BE, DE","2025-10-20","",False,"Media News And Publishing","https://medicalhaircompany.com/"
"in-c45caff4dcb43487","indeed","https://de.indeed.com/viewjob?jk=c45caff4dcb43487","https://join.com/companies/positivethinkingcompanytech/15061602-java-developer-m-w-d?pid=a13795120131dbe48464","Java Developer (m/w/d)","Collaboration Betters the World","Berlin, BE, DE","2025-10-20","",True,"",""
"in-1493599a69403c21","indeed","https://de.indeed.com/viewjob?jk=1493599a69403c21","https://www.sumup.com/careers/positions//berlin-germany/engineering/senior-fullstack-engineer/8150297002/?vcc_viewport=desktop&vcc_geo_country=US&vcc_ab_experiments=_website__careers_pages%3Aon%2628006100487%3A27963130817%26default-rollout-173770-18396730089%3Aon%26first-test%3Avariation_2%26everyone%3Aon%26default-rollout-301027-18396730089%3Aon%26default-rollout-345066-18396730089%3Aon%26header_test__only_text__deploytd1_deploytd1%3Atexto_original%26_cl___website__compra_o_arrienda_cta_header%3Awithout_cta&vcc_feature_toggles=_website__navigation_revamp%257C_website__wb_replacement_page_endpoint_careers%257C_website__computed_price%257CU27HjKLUQTyTE3n5Qd8MkW%257C_website__wb_replacement_page_endpoint_manuals%257C_website__prc_coupons%257Ccl_ley_de_transferencias_tracking%257C_cl__homepage_new_ver_test%257C_cl___website__compra_o_arrienda_cta_header&slug=positions","(Senior) Full-Stack Engineer","SumUp","Berlin, BE, DE","2025-10-20","",False,"","https://www.sumup.com/careers/"
"in-69d13cf96ad78e21","indeed","https://de.indeed.com/viewjob?jk=69d13cf96ad78e21","https://careers.wolt.com/en/jobs/7337415","Senior Backend Engineer (Golang) - Support Engineering Group","wolt","Berlin, BE, DE","2025-10-16","fulltime",False,"Transport And Freight","https://www.wolt.com"
"in-14865c7d36e90a8a","indeed","https://de.indeed.com/viewjob?jk=14865c7d36e90a8a","https://sunday.jobs.personio.de/job/2392023?language=en","Team Lead Magento (all genders)","Sunday Natural","Berlin, BE, DE","2025-10-16","fulltime",False,"","https://www.sunday.de/"
"in-7b7c7ef60d72a237","indeed","https://de.indeed.com/viewjob?jk=7b7c7ef60d72a237","https://careers.wolt.com/en/jobs/7334825","Senior Backend Engineer (Node.js)","wolt","Berlin, BE, DE","2025-10-15","fulltime",False,"Transport And Freight","https://www.wolt.com"
"in-127427dd543f82de","indeed","https://de.indeed.com/viewjob?jk=127427dd543f82de","http://de.indeed.com/job/backend-developer-mwd-java-127427dd543f82de","Backend Developer (m/w/d) - Java","Biting Bit GmbH","Berlin, BE, DE","2025-10-15","fulltime",True,"",""
"in-9efaf3c62ca60ccb","indeed","https://de.indeed.com/viewjob?jk=9efaf3c62ca60ccb","https://jobs.ashbyhq.com/Ashby/f60b5343-cf2f-4dbf-9819-d20e0c11be01?utm_source=PWaaBbrbpJ","Senior Software Engineer - Product Engineering, Copenhagen","ASHBY","Berlin, BE, DE","2025-10-14","fulltime",True,"",""
"in-9e117163e1c7c355","indeed","https://de.indeed.com/viewjob?jk=9e117163e1c7c355","https://jobs.ashbyhq.com/Ashby/4cdb3761-8235-496f-8b6d-6ce56ac8fd77?utm_source=PWaaBbrbpJ","Senior Software Engineer - Product Engineering, Stuttgart (m/f/d)","ASHBY","Berlin, BE, DE","2025-10-14","fulltime",True,"",""
"li-4305731615","linkedin","https://www.linkedin.com/jobs/view/4305731615","","Senior Data Integration Specialist for Process Analysis & Suite Accelerators (f/m/d) - SAP Signavio","SAP","Berlin, Berlin, Germany","2025-10-18","",False,"",""
"li-4315050227","linkedin","https://www.linkedin.com/jobs/view/4315050227","","Senior Data Scientist  (all genders) in Berlin","Dott","Berlin, Germany","2025-10-15","",False,"",""
"li-4312408275","linkedin","https://www.linkedin.com/jobs/view/4312408275","",".NET Software Engineer","Noir","Berlin, Germany","2025-10-15","",False,"",""
"li-4304673505","linkedin","https://www.linkedin.com/jobs/view/4304673505","","Software Engineer API (f/m/d) - Node.js, SQL","smartclip","Berlin, Germany","","",False,"",""
"li-4317094693","linkedin","https://www.linkedin.com/jobs/view/4317094693","","Connect & Explore: Vehicle Engineering in Berlin (afternoon session)","Tesla","Grünheide, Brandenburg, Germany","2025-10-20","",False,"",""
"li-4317300003","linkedin","https://www.linkedin.com/jobs/view/4317300003","","Connect & Explore: Vehicle Engineering in Berlin (morning session)","Tesla","Grünheide, Brandenburg, Germany","2025-10-20","",False,"",""
"li-4260184575","linkedin","https://www.linkedin.com/jobs/view/4260184575","","Ingenieur-in als Expert-in für die UW-Primärtechnik","Elia Grid International (EGI)","Berlin, Berlin, Germany","2025-10-20","",False,"",""
"li-4317076426","linkedin","https://www.linkedin.com/jobs/view/4317076426","","Bauleiter (m/w/d) Konstruktiver Ingenieur- und Brückenbau","Johann Bunte Bauunternehmung GmbH & Co. KG","Berlin, Berlin, Germany","2025-10-20","",False,"",""
"li-4314355775","linkedin","https://www.linkedin.com/jobs/view/4314355775","","UAV Comms & Protocols Engineer (m/f/d)","Promethion Industries","Berlin, Berlin, Germany","2025-10-20","",False,"",""
"li-4305339825","linkedin","https://www.linkedin.com/jobs/view/4305339825","","Ingenieur*in für Schulung/ Netz- und Versorgungswiederaufbau","Stromnetz Berlin GmbH","Berlin, Berlin, Germany","2025-10-20","",False,"",""
"li-4314357639","linkedin","https://www.linkedin.com/jobs/view/4314357639","","Senior Ingenieur Fassadenplanung (m/w/d)","Buro Happold","Berlin, Germany","2025-10-20","",False,"",""
"li-4316833147","linkedin","https://www.linkedin.com/jobs/view/4316833147","","Ingenieur:in für Bauphysik (w/m/d)","Ingérop Deutschland GmbH","Berlin, Berlin, Germany","2025-10-18","",False,"",""
"li-4291795842","linkedin","https://www.linkedin.com/jobs/view/4291795842","","Ingenieur*in für Infrastrukturplanung von Netzprojekten in der Kabelplanung","Stromnetz Berlin GmbH","Berlin, Berlin, Germany","2025-10-18","",False,"",""
"li-4205829138","linkedin","https://www.linkedin.com/jobs/view/4205829138","","Ingenieur:in als Spezialist:in Digitale Stellwerke","Deutsche Bahn","Berlin, Berlin, Germany","2025-10-18","",False,"",""
"li-4304233238","linkedin","https://www.linkedin.com/jobs/view/4304233238","","Fachprojektleiterin Freileitungstechnik / Ingenieurin Freileitungen (m/w/d)","50Hertz Transmission GmbH","Berlin, Berlin, Germany","2025-10-18","",False,"",""
"li-4304201798","linkedin","https://www.linkedin.com/jobs/view/4304201798","","Ingenieur*in für Infrastrukturplanung und Koordination von Netzprojekten und Steuerung des Maßnahmenportfolios","Stromnetz Berlin GmbH","Berlin, Berlin, Germany","2025-10-17","",False,"",""
"li-4313062016","linkedin","https://www.linkedin.com/jobs/view/4313062016","","Ingenieur (m/w/d) - Herstellung, Verarbeitung Glas / High-Tech Start-up","The Yellow SiC Group","Berlin, Berlin, Germany","2025-10-16","",False,"",""
"li-4273552636","linkedin","https://www.linkedin.com/jobs/view/4273552636","","Engineering roles abroad – Eaton is hiring multilingual talent","Eaton","","2025-10-16","",False,"",""
"li-4315878229","linkedin","https://www.linkedin.com/jobs/view/4315878229","","Ingenieur als Betriebsmanager (m/w/d)- Bundesanstalt für Immobilienaufgaben","Bundesanstalt für Immobilienaufgaben","Berlin, Berlin, Germany","2025-10-16","",False,"",""
"li-4315164083","linkedin","https://www.linkedin.com/jobs/view/4315164083","","Ingenieur (m/w/d) für Straßenplanung und Erschließung","Kolakovic & Partner Personalberatung","Berlin, Berlin, Germany","2025-10-15","",False,"",""
"li-4315151881","linkedin","https://www.linkedin.com/jobs/view/4315151881","","HLS-Ingenieur (m/w/d)","Kolakovic & Partner Personalberatung","Berlin, Berlin, Germany","2025-10-15","",False,"",""
"li-4312402768","linkedin","https://www.linkedin.com/jobs/view/4312402768","","Ingenieur im Bereich Trassierung (m/w/d)","KODIAK GmbH","Berlin, Berlin, Germany","2025-10-15","",False,"",""
"li-4315150927","linkedin","https://www.linkedin.com/jobs/view/4315150927","","Bauleiter Ingenieur- und Anlagenbau (m/w/d)","Kolakovic & Partner Personalberatung","Berlin, Berlin, Germany","2025-10-15","",False,"",""
"li-4122420943","linkedin","https://www.linkedin.com/jobs/view/4122420943","","Ingenieur (all genders) der Primärtechnik für Hochspannungsschaltanlagen","GE Vernova","Berlin, Berlin, Germany","2025-10-15","",False,"",""
"li-4315308713","linkedin","https://www.linkedin.com/jobs/view/4315308713","","Ingenieur:in Versorgungstechnik/ TGA (w/m/d)","Berliner Wasserbetriebe","Berlin, Berlin, Germany","2025-10-15","",False,"",""
"li-4312243865","linkedin","https://www.linkedin.com/jobs/view/4312243865","","Ingenieurin / Ingenieur (m/w/d) (FH-Diplom / Bachelor) der Studienrichtungen Bau-/Wirtschafts-/Verkehrsingenieurwesen für den Bereich Finanzierung Schieneninfrastruktur","Eisenbahn-Bundesamt EBA","Berlin, Berlin, Germany","2025-10-15","",False,"",""
"li-4312407813","linkedin","https://www.linkedin.com/jobs/view/4312407813","","Ingenieur / Meister / Fachplaner (m/w/d) Bereich Heizung, Lüftung, Sanitär","BIM Berliner Immobilienmanagement GmbH","Berlin, Berlin, Germany","2025-10-15","",False,"",""
"li-4120000035","linkedin","https://www.linkedin.com/jobs/view/4120000035","","Werkstudent im Bereich Engineering (m/w/d)","GE Vernova","Berlin, Berlin, Germany","2025-10-15","",False,"",""
"li-4077745388","linkedin","https://www.linkedin.com/jobs/view/4077745388","","Ingenieur (w/d) im Algenstartup","Solaga","","2025-10-14","",False,"",""
"li-4311990003","linkedin","https://www.linkedin.com/jobs/view/4311990003","","Founding Engineer","Zentio","Berlin, Berlin, Germany","2025-10-14","",False,"",""
"li-4314964663","linkedin","https://www.linkedin.com/jobs/view/4314964663","","Techniker:in oder Ingenieur:in für Netzinfrastruktur","Amoria Bond","Berlin, Germany","","",False,"",""
"li-4237446820","linkedin","https://www.linkedin.com/jobs/view/4237446820","","Render Engineer (Unannounced project)","Wargaming","Berlin, Germany","","",False,"",""
"li-4314969389","linkedin","https://www.linkedin.com/jobs/view/4314969389","","Techniker / Ingenieur (w/m/d) Beratung Gebäudetechnik (HLSK / ELT)","Drees & Sommer","Berlin, Berlin, Germany","","",False,"",""
